id,naselje,kvadratura_m2,broj_soba,sprat,ukupno_spratova,godina_izgradnje,lift,parking,balkon,grijanje,stanje,opis,cijena_km
1,Brčanska Malta,103,5,2,4,1981,0,0,1,plin,renoviran,"5-soban stan, 103 m², Brčanska Malta. Kompletno renoviran.",316000
2,Kreka,99,4,7,7,2011,1,1,1,centralno,renoviran,"4-soban stan, 99 m², Kreka. Kompletno renoviran.",392000
3,Simin Han,46,2,0,5,1972,0,0,1,centralno,useljiv,"2-soban stan, 46 m², Simin Han. HITNO, cijena po dogovoru!",123500
4,Stupine,40,2,2,5,1986,1,0,1,centralno,renoviran,"2-soban stan, 40 m², Stupine. Kompletno renoviran.",186000
5,Slatina,48,3,6,8,1997,1,0,1,centralno,useljiv,"3-soban stan, 48 m², Slatina. Prelijep pogled na grad. Zgrada ima lift.",225500
6,Kreka,50,2,3,6,1977,1,0,1,struja,renoviran,"2-soban stan, 50 m², Kreka. Kompletno renoviran.",139000
7,Centar,34,1,8,9,1976,1,1,1,centralno,useljiv,"1-soban stan, 34 m², Centar. Zgrada ima lift.",196000
8,Gornja Tuzla,61,2,0,5,2023,1,1,1,centralno,novogradnja,"2-soban stan, 61 m², Gornja Tuzla. Novogradnja, prvi vlasnik.",236500
9,Simin Han,38,2,4,8,1971,0,0,1,struja,renoviran,"2-soban stan, 38 m², Simin Han. Kompletno renoviran.",117500
10,Sjenjak,39,2,1,5,2023,1,1,1,centralno,novogradnja,"2-soban stan, 39 m², Sjenjak. Novogradnja, prvi vlasnik.",252500
11,Slatina,83,3,3,4,2019,1,1,1,plin,useljiv,"3-soban stan, 83 m², Slatina. Blizu škole i prodavnice.",548000
12,Slatina,47,1,0,3,1982,0,1,0,plin,renoviran,"1-soban stan, 47 m², Slatina. Kompletno renoviran. Prelijep pogled na grad. Blizu škole i prodavnice.",210500
13,Stupine,59,2,6,7,2016,1,0,1,struja,za renoviranje,"2-soban stan, 59 m², Stupine. Potrebno renoviranje. Blizu škole i prodavnice.",259500
14,Sjenjak,75,3,6,6,1962,1,0,1,plin,useljiv,"3-soban stan, 75 m², Sjenjak.",269000
15,Sjenjak,80,3,6,6,1992,1,0,1,centralno,renoviran,"3-soban stan, 80 m², Sjenjak. Kompletno renoviran. Blizu škole i prodavnice.",366500
16,Batva,53,3,0,6,1986,1,1,0,struja,za renoviranje,"3-soban stan, 53 m², Batva. Potrebno renoviranje. Zgrada ima lift.",176000
17,Solana,61,3,4,6,1978,1,1,1,plin,useljiv,"3-soban stan, 61 m², Solana. Zgrada ima lift.",211000
18,Simin Han,45,2,3,5,2023,1,1,0,centralno,novogradnja,"2-soban stan, 45 m², Simin Han. Novogradnja, prvi vlasnik.",249000
19,Brčanska Malta,111,5,3,7,1963,0,0,1,centralno,useljiv,"5-soban stan, 111 m², Brčanska Malta.",356500
20,Solana,75,3,9,10,2014,1,1,0,plin,za renoviranje,"3-soban stan, 75 m², Solana. Potrebno renoviranje. Zgrada ima lift.",285500
21,Stupine,41,1,1,3,1965,1,1,0,centralno,useljiv,"1-soban stan, 41 m², Stupine. Blizu škole i prodavnice.",175000
22,Stupine,60,2,9,9,2005,1,0,0,struja,renoviran,"2-soban stan, 60 m², Stupine. Kompletno renoviran.",271000
23,Brčanska Malta,77,4,10,10,1978,1,0,1,centralno,useljiv,"4-soban stan, 77 m², Brčanska Malta. Zgrada ima lift.",257000
24,Centar,71,2,2,3,1992,0,0,1,centralno,useljiv,"2-soban stan, 71 m², Centar.",364000
25,Centar,114,5,3,11,2020,1,1,0,plin,useljiv,"5-soban stan, 114 m², Centar.",724500
26,Sjenjak,97,5,1,10,2015,1,1,0,centralno,useljiv,"5-soban stan, 97 m², Sjenjak. Zgrada ima lift.",518000
27,Sjenjak,50,2,3,4,1966,1,0,1,centralno,useljiv,"2-soban stan, 50 m², Sjenjak. Blizu škole i prodavnice. Zgrada ima lift.",172000
28,Kreka,58,2,7,7,1975,1,0,0,centralno,useljiv,"2-soban stan, 58 m², Kreka. Blizu škole i prodavnice.",181000
29,Brčanska Malta,38,1,6,6,1985,1,0,0,centralno,renoviran,"1-soban stan, 38 m², Brčanska Malta. Kompletno renoviran. Prelijep pogled na grad. Zgrada ima lift.",177000
30,Sjenjak,65,3,4,8,2012,1,1,1,centralno,useljiv,"3-soban stan, 65 m², Sjenjak. Blizu škole i prodavnice.",327000
31,Sjenjak,63,3,2,8,1962,1,1,1,struja,useljiv,"3-soban stan, 63 m², Sjenjak. Prelijep pogled na grad. HITNO, cijena po dogovoru!",232500
32,Stupine,155,5,5,9,2019,1,0,1,plin,renoviran,"5-soban stan, 155 m², Stupine. Kompletno renoviran. Prelijep pogled na grad.",888500
33,Centar,62,3,2,10,2018,1,0,1,centralno,useljiv,"3-soban stan, 62 m², Centar. Zgrada ima lift.",431000
34,Stupine,29,2,6,6,2026,1,1,0,centralno,novogradnja,"2-soban stan, 29 m², Stupine. Novogradnja, prvi vlasnik.",226500
35,Kula,47,1,2,6,1976,1,0,1,plin,renoviran,"1-soban stan, 47 m², Kula. Kompletno renoviran. Blizu škole i prodavnice. Zgrada ima lift.",148000
36,Stupine,62,3,0,3,1971,0,0,0,centralno,useljiv,"3-soban stan, 62 m², Stupine.",198000
37,Mejdan,39,1,2,9,2015,1,1,1,struja,za renoviranje,"1-soban stan, 39 m², Mejdan. Potrebno renoviranje.",167000
38,Centar,44,2,4,5,1987,0,0,1,centralno,za renoviranje,"2-soban stan, 44 m², Centar. Potrebno renoviranje.",157000
39,Gornja Tuzla,53,3,2,3,1971,1,1,0,centralno,renoviran,"3-soban stan, 53 m², Gornja Tuzla. Kompletno renoviran. Zgrada ima lift.",194000
40,Stupine,68,3,7,9,1968,0,0,1,centralno,za renoviranje,"3-soban stan, 68 m², Stupine. Potrebno renoviranje.",168500
41,Slatina,57,2,0,5,1975,0,0,1,plin,useljiv,"2-soban stan, 57 m², Slatina. Prelijep pogled na grad. Blizu škole i prodavnice.",199500
42,Kreka,44,2,8,12,2012,1,0,1,centralno,za renoviranje,"2-soban stan, 44 m², Kreka. Potrebno renoviranje. HITNO, cijena po dogovoru! Zgrada ima lift.",145000
43,Sjenjak,79,3,1,10,2005,1,0,1,centralno,za renoviranje,"3-soban stan, 79 m², Sjenjak. Potrebno renoviranje. Blizu škole i prodavnice.",302000
44,Gornja Tuzla,50,2,1,6,1987,1,0,1,struja,renoviran,"2-soban stan, 50 m², Gornja Tuzla. Kompletno renoviran. Zgrada ima lift.",167000
45,Brčanska Malta,50,2,5,5,2025,1,1,1,struja,novogradnja,"2-soban stan, 50 m², Brčanska Malta. Novogradnja, prvi vlasnik. Prelijep pogled na grad. Blizu škole i prodavnice.",258000
46,Simin Han,37,1,9,9,1986,1,0,1,plin,renoviran,"1-soban stan, 37 m², Simin Han. Kompletno renoviran. Zgrada ima lift.",137500
47,Centar,46,2,5,10,1983,1,1,1,centralno,renoviran,"2-soban stan, 46 m², Centar. Kompletno renoviran. Prelijep pogled na grad. Blizu škole i prodavnice.",233000
48,Batva,75,3,1,7,1989,1,0,1,centralno,renoviran,"3-soban stan, 75 m², Batva. Kompletno renoviran. Prelijep pogled na grad.",315000
49,Sjenjak,34,1,9,10,1981,1,1,1,plin,renoviran,"1-soban stan, 34 m², Sjenjak. Kompletno renoviran. Blizu škole i prodavnice.",131000
50,Kreka,59,3,1,4,1982,0,0,1,plin,useljiv,"3-soban stan, 59 m², Kreka. Prelijep pogled na grad.",206500
51,Mejdan,77,3,1,9,2017,1,1,1,struja,renoviran,"3-soban stan, 77 m², Mejdan. Kompletno renoviran. Blizu škole i prodavnice.",400500
52,Brčanska Malta,53,2,5,6,1988,0,1,1,centralno,renoviran,"2-soban stan, 53 m², Brčanska Malta. Kompletno renoviran. Blizu škole i prodavnice.",193500
53,Centar,65,2,6,9,1976,1,0,1,centralno,za renoviranje,"2-soban stan, 65 m², Centar. Potrebno renoviranje.",241500
54,Mejdan,41,2,10,10,1987,0,0,1,struja,useljiv,"2-soban stan, 41 m², Mejdan. Blizu škole i prodavnice.",134500
55,Slatina,95,4,6,7,2020,1,1,1,struja,za renoviranje,"4-soban stan, 95 m², Slatina. Potrebno renoviranje. Prelijep pogled na grad.",421000
56,Stupine,88,3,1,3,1997,1,0,0,centralno,renoviran,"3-soban stan, 88 m², Stupine. Kompletno renoviran.",412500
57,Gornja Tuzla,65,3,2,3,1966,0,1,1,struja,useljiv,"3-soban stan, 65 m², Gornja Tuzla.",180000
58,Mejdan,32,1,4,9,1984,1,1,1,plin,za renoviranje,"1-soban stan, 32 m², Mejdan. Potrebno renoviranje. Zgrada ima lift.",127500
59,Solana,42,1,6,10,1981,1,0,1,centralno,useljiv,"1-soban stan, 42 m², Solana. Blizu škole i prodavnice. Zgrada ima lift.",123000
60,Batva,84,3,5,5,1961,0,0,1,plin,useljiv,"3-soban stan, 84 m², Batva. Prelijep pogled na grad. Blizu škole i prodavnice.",212500
61,Brčanska Malta,109,4,3,5,2021,1,1,1,centralno,renoviran,"4-soban stan, 109 m², Brčanska Malta. Kompletno renoviran. Blizu škole i prodavnice. Zgrada ima lift.",577500
62,Brčanska Malta,67,3,2,4,2021,1,1,1,centralno,za renoviranje,"3-soban stan, 67 m², Brčanska Malta. Potrebno renoviranje. Zgrada ima lift.",268500
63,Kula,93,4,3,8,1962,1,0,1,plin,useljiv,"4-soban stan, 93 m², Kula. Blizu škole i prodavnice.",261000
64,Stupine,49,2,1,4,1997,0,0,0,centralno,renoviran,"2-soban stan, 49 m², Stupine. Kompletno renoviran. Blizu škole i prodavnice.",210500
65,Sjenjak,56,3,2,5,1977,1,0,1,struja,useljiv,"3-soban stan, 56 m², Sjenjak.",167500
66,Stupine,60,3,3,8,1973,1,0,1,centralno,renoviran,"3-soban stan, 60 m², Stupine. Kompletno renoviran.",240500
67,Mejdan,70,3,0,6,1975,1,0,1,centralno,za renoviranje,"3-soban stan, 70 m², Mejdan. Potrebno renoviranje.",200000
68,Centar,35,1,6,9,1969,1,0,1,centralno,za renoviranje,"1-soban stan, 35 m², Centar. Potrebno renoviranje.",149000
69,Solana,83,3,0,6,2009,1,0,0,struja,renoviran,"3-soban stan, 83 m², Solana. Kompletno renoviran.",266000
70,Stupine,95,4,2,3,1982,0,1,0,centralno,renoviran,"4-soban stan, 95 m², Stupine. Kompletno renoviran. Blizu škole i prodavnice.",337000
71,Kula,40,2,1,7,2007,1,0,1,centralno,useljiv,"2-soban stan, 40 m², Kula. Zgrada ima lift.",179000
72,Slatina,37,2,2,7,2021,1,1,1,struja,useljiv,"2-soban stan, 37 m², Slatina. Prelijep pogled na grad. HITNO, cijena po dogovoru! Blizu škole i prodavnice.",233000
73,Kreka,68,3,10,10,1997,1,1,1,centralno,useljiv,"3-soban stan, 68 m², Kreka.",227500
74,Brčanska Malta,48,2,0,3,1985,0,0,1,centralno,useljiv,"2-soban stan, 48 m², Brčanska Malta.",161000
75,Stupine,26,1,9,9,1972,1,0,0,plin,useljiv,"1-soban stan, 26 m², Stupine. Prelijep pogled na grad.",102000
76,Gornja Tuzla,80,3,9,11,2006,1,0,0,struja,renoviran,"3-soban stan, 80 m², Gornja Tuzla. Kompletno renoviran.",234500
77,Solana,63,3,1,8,2005,1,1,1,struja,renoviran,"3-soban stan, 63 m², Solana. Kompletno renoviran.",247000
78,Kreka,51,2,1,5,2016,1,0,0,struja,useljiv,"2-soban stan, 51 m², Kreka. Zgrada ima lift.",220500
79,Batva,126,5,1,3,1973,1,1,1,centralno,useljiv,"5-soban stan, 126 m², Batva. HITNO, cijena po dogovoru! Zgrada ima lift.",370000
80,Stupine,63,2,1,7,1964,1,1,0,centralno,renoviran,"2-soban stan, 63 m², Stupine. Kompletno renoviran. Zgrada ima lift.",258000
81,Stupine,46,2,6,12,2018,1,1,1,centralno,za renoviranje,"2-soban stan, 46 m², Stupine. Potrebno renoviranje. Blizu škole i prodavnice. Zgrada ima lift.",249500
82,Kreka,62,3,1,3,1994,1,0,1,plin,renoviran,"3-soban stan, 62 m², Kreka. Kompletno renoviran. Zgrada ima lift.",223000
83,Batva,42,2,0,7,1961,1,0,1,struja,renoviran,"2-soban stan, 42 m², Batva. Kompletno renoviran. HITNO, cijena po dogovoru! Zgrada ima lift.",108500
84,Stupine,46,2,2,11,2006,1,0,1,centralno,useljiv,"2-soban stan, 46 m², Stupine. Prelijep pogled na grad. Zgrada ima lift.",215500
85,Kreka,69,4,3,6,1968,1,0,1,centralno,useljiv,"4-soban stan, 69 m², Kreka. HITNO, cijena po dogovoru!",189500
86,Brčanska Malta,49,2,1,7,1992,1,0,1,struja,za renoviranje,"2-soban stan, 49 m², Brčanska Malta. Potrebno renoviranje. Zgrada ima lift.",164000
87,Batva,51,2,2,3,1996,0,0,0,centralno,useljiv,"2-soban stan, 51 m², Batva. HITNO, cijena po dogovoru!",181500
88,Mejdan,108,5,3,7,2012,1,1,1,plin,useljiv,"5-soban stan, 108 m², Mejdan. Blizu škole i prodavnice.",464000
89,Mejdan,81,3,4,10,1969,1,0,0,centralno,za renoviranje,"3-soban stan, 81 m², Mejdan. Potrebno renoviranje. Zgrada ima lift.",223000
90,Stupine,79,3,2,11,2023,1,1,0,struja,novogradnja,"3-soban stan, 79 m², Stupine. Novogradnja, prvi vlasnik. Blizu škole i prodavnice.",510000
91,Centar,72,4,6,12,2024,1,1,1,centralno,novogradnja,"4-soban stan, 72 m², Centar. Novogradnja, prvi vlasnik. Blizu škole i prodavnice. Zgrada ima lift.",648000
92,Kreka,71,3,3,4,2025,1,1,1,plin,novogradnja,"3-soban stan, 71 m², Kreka. Novogradnja, prvi vlasnik. Blizu škole i prodavnice. Zgrada ima lift.",325000
93,Sjenjak,100,4,9,10,2016,1,0,0,struja,useljiv,"4-soban stan, 100 m², Sjenjak. Zgrada ima lift.",473500
94,Batva,60,3,0,7,1977,1,0,1,plin,renoviran,"3-soban stan, 60 m², Batva. Kompletno renoviran.",203000
95,Slatina,115,5,7,11,2026,1,0,1,plin,novogradnja,"5-soban stan, 115 m², Slatina. Novogradnja, prvi vlasnik. Blizu škole i prodavnice.",674500
96,Simin Han,43,2,3,9,1993,1,1,1,centralno,renoviran,"2-soban stan, 43 m², Simin Han. Kompletno renoviran. Zgrada ima lift.",162500
97,Centar,55,2,1,8,2005,0,0,1,centralno,useljiv,"2-soban stan, 55 m², Centar. Prelijep pogled na grad.",310500
98,Mejdan,37,1,9,9,2012,1,0,1,centralno,useljiv,"1-soban stan, 37 m², Mejdan. HITNO, cijena po dogovoru! Blizu škole i prodavnice.",175000
99,Centar,53,2,2,5,1972,0,0,0,centralno,useljiv,"2-soban stan, 53 m², Centar.",227000
100,Stupine,72,3,4,9,2016,1,1,1,plin,renoviran,"3-soban stan, 72 m², Stupine. Kompletno renoviran. HITNO, cijena po dogovoru! Zgrada ima lift.",397500
101,Solana,100,4,6,12,2010,1,1,1,centralno,renoviran,"4-soban stan, 100 m², Solana. Kompletno renoviran. Prelijep pogled na grad. Zgrada ima lift.",471000
102,Brčanska Malta,48,2,8,8,1972,1,0,0,centralno,useljiv,"2-soban stan, 48 m², Brčanska Malta.",141500
103,Mejdan,60,1,5,8,1982,1,0,0,centralno,useljiv,"1-soban stan, 60 m², Mejdan. Zgrada ima lift.",221500
104,Batva,53,3,1,5,1971,0,0,1,struja,useljiv,"3-soban stan, 53 m², Batva.",201000
105,Kreka,46,3,8,8,1986,0,0,1,struja,renoviran,"3-soban stan, 46 m², Kreka. Kompletno renoviran. Blizu škole i prodavnice.",132000
106,Slatina,40,2,6,7,2022,1,1,1,centralno,useljiv,"2-soban stan, 40 m², Slatina. Blizu škole i prodavnice. Zgrada ima lift.",296000
107,Brčanska Malta,61,2,2,9,1981,1,0,0,centralno,useljiv,"2-soban stan, 61 m², Brčanska Malta.",214000
108,Kula,33,1,0,3,1981,0,0,1,centralno,useljiv,"1-soban stan, 33 m², Kula. HITNO, cijena po dogovoru!",102000
109,Slatina,62,3,8,8,2016,1,1,0,centralno,useljiv,"3-soban stan, 62 m², Slatina. Blizu škole i prodavnice. Zgrada ima lift.",383000
110,Sjenjak,60,2,4,4,1966,1,1,1,centralno,za renoviranje,"2-soban stan, 60 m², Sjenjak. Potrebno renoviranje. Zgrada ima lift.",179500
111,Simin Han,48,2,4,10,1965,1,0,1,struja,za renoviranje,"2-soban stan, 48 m², Simin Han. Potrebno renoviranje.",120000
112,Kreka,42,1,6,6,2009,1,1,1,centralno,renoviran,"1-soban stan, 42 m², Kreka. Kompletno renoviran.",170000
113,Stupine,37,2,2,4,1974,0,0,1,centralno,za renoviranje,"2-soban stan, 37 m², Stupine. Potrebno renoviranje. HITNO, cijena po dogovoru!",117000
114,Solana,116,5,6,9,1991,1,0,1,centralno,useljiv,"5-soban stan, 116 m², Solana. Prelijep pogled na grad.",455500
115,Centar,38,1,3,4,2019,1,0,1,centralno,useljiv,"1-soban stan, 38 m², Centar.",307000
116,Simin Han,103,4,2,9,1999,1,0,0,centralno,useljiv,"4-soban stan, 103 m², Simin Han. Zgrada ima lift.",305000
117,Gornja Tuzla,74,3,2,7,1962,1,0,1,centralno,useljiv,"3-soban stan, 74 m², Gornja Tuzla. Blizu škole i prodavnice.",213500
118,Stupine,53,2,3,4,1977,1,0,0,plin,useljiv,"2-soban stan, 53 m², Stupine. Prelijep pogled na grad.",211000
119,Mejdan,40,1,2,6,1992,1,0,1,struja,useljiv,"1-soban stan, 40 m², Mejdan.",153000
120,Gornja Tuzla,86,3,8,9,2024,1,0,1,centralno,novogradnja,"3-soban stan, 86 m², Gornja Tuzla. Novogradnja, prvi vlasnik. Zgrada ima lift.",427000
121,Centar,110,5,3,8,2004,1,0,1,centralno,useljiv,"5-soban stan, 110 m², Centar. Blizu škole i prodavnice.",557500
122,Brčanska Malta,43,1,3,4,2012,0,1,1,centralno,useljiv,"1-soban stan, 43 m², Brčanska Malta. Prelijep pogled na grad.",225000
123,Simin Han,54,3,4,4,1992,0,0,1,centralno,renoviran,"3-soban stan, 54 m², Simin Han. Kompletno renoviran. Blizu škole i prodavnice.",163500
124,Sjenjak,87,5,3,4,1985,0,1,0,plin,useljiv,"5-soban stan, 87 m², Sjenjak. Blizu škole i prodavnice.",310000
125,Kula,67,3,6,6,1993,1,0,1,centralno,renoviran,"3-soban stan, 67 m², Kula. Kompletno renoviran. Prelijep pogled na grad.",275000
126,Stupine,121,5,1,5,1962,0,0,1,centralno,useljiv,"5-soban stan, 121 m², Stupine.",427000
127,Stupine,49,2,0,10,1982,1,1,1,struja,useljiv,"2-soban stan, 49 m², Stupine. Zgrada ima lift.",163000
128,Mejdan,73,2,4,5,2021,1,0,0,struja,useljiv,"2-soban stan, 73 m², Mejdan.",349000
129,Stupine,39,2,0,10,1975,1,0,0,struja,renoviran,"2-soban stan, 39 m², Stupine. Kompletno renoviran. Prelijep pogled na grad. Blizu škole i prodavnice.",144000
130,Slatina,125,5,1,4,2012,0,0,1,centralno,za renoviranje,"5-soban stan, 125 m², Slatina. Potrebno renoviranje.",635000
131,Solana,46,2,3,9,2006,1,1,1,centralno,useljiv,"2-soban stan, 46 m², Solana. Blizu škole i prodavnice.",209500
132,Batva,28,2,2,3,1971,1,0,1,centralno,useljiv,"2-soban stan, 28 m², Batva.",105500
133,Slatina,57,3,0,11,2016,1,1,1,struja,useljiv,"3-soban stan, 57 m², Slatina. Blizu škole i prodavnice. Zgrada ima lift.",310500
134,Slatina,57,3,2,5,1975,0,0,1,centralno,za renoviranje,"3-soban stan, 57 m², Slatina. Potrebno renoviranje.",234000
135,Solana,117,5,1,7,2020,1,1,1,plin,renoviran,"5-soban stan, 117 m², Solana. Kompletno renoviran.",517000
136,Sjenjak,53,2,1,8,1983,1,0,1,struja,za renoviranje,"2-soban stan, 53 m², Sjenjak. Potrebno renoviranje. Blizu škole i prodavnice.",176000
137,Solana,60,2,1,4,1997,0,0,0,plin,za renoviranje,"2-soban stan, 60 m², Solana. Potrebno renoviranje. Blizu škole i prodavnice.",241500
138,Sjenjak,74,3,3,11,2026,1,1,0,plin,novogradnja,"3-soban stan, 74 m², Sjenjak. Novogradnja, prvi vlasnik. Zgrada ima lift.",431500
139,Batva,105,4,5,11,2017,1,1,1,centralno,useljiv,"4-soban stan, 105 m², Batva. Prelijep pogled na grad. Zgrada ima lift.",524500
140,Kreka,59,3,6,6,1981,0,0,0,struja,useljiv,"3-soban stan, 59 m², Kreka.",113000
141,Simin Han,86,3,5,6,1972,1,0,1,centralno,useljiv,"3-soban stan, 86 m², Simin Han. Zgrada ima lift.",292500
142,Batva,72,4,0,9,1998,1,0,1,struja,renoviran,"4-soban stan, 72 m², Batva. Kompletno renoviran. Prelijep pogled na grad. Blizu škole i prodavnice. Zgrada ima lift.",287000
143,Mejdan,54,3,2,8,1999,1,0,0,centralno,za renoviranje,"3-soban stan, 54 m², Mejdan. Potrebno renoviranje. Zgrada ima lift.",205000
144,Kreka,62,3,1,3,1962,0,0,1,struja,useljiv,"3-soban stan, 62 m², Kreka.",185500
145,Mejdan,61,2,0,4,1988,1,0,1,centralno,useljiv,"2-soban stan, 61 m², Mejdan. Zgrada ima lift.",245500
146,Kreka,44,2,4,9,2025,1,0,0,centralno,novogradnja,"2-soban stan, 44 m², Kreka. Novogradnja, prvi vlasnik.",235500
147,Centar,92,4,6,6,1992,1,0,1,centralno,za renoviranje,"4-soban stan, 92 m², Centar. Potrebno renoviranje. Blizu škole i prodavnice. Zgrada ima lift.",361000
148,Mejdan,37,1,0,5,1977,0,0,1,centralno,za renoviranje,"1-soban stan, 37 m², Mejdan. Potrebno renoviranje. HITNO, cijena po dogovoru!",101500
149,Sjenjak,90,4,3,12,2011,1,0,0,centralno,renoviran,"4-soban stan, 90 m², Sjenjak. Kompletno renoviran.",488500
150,Solana,84,4,0,9,1987,1,0,1,centralno,useljiv,"4-soban stan, 84 m², Solana.",300000
151,Stupine,58,3,2,5,2026,1,1,0,centralno,novogradnja,"3-soban stan, 58 m², Stupine. Novogradnja, prvi vlasnik. Blizu škole i prodavnice. Zgrada ima lift.",388000
152,Gornja Tuzla,46,3,4,9,1981,0,0,1,plin,renoviran,"3-soban stan, 46 m², Gornja Tuzla. Kompletno renoviran.",109000
153,Kula,55,3,5,10,1965,1,1,0,centralno,useljiv,"3-soban stan, 55 m², Kula. Blizu škole i prodavnice. Zgrada ima lift.",176500
154,Kula,71,3,3,9,1975,1,0,1,plin,useljiv,"3-soban stan, 71 m², Kula. Prelijep pogled na grad. Zgrada ima lift.",245500
155,Brčanska Malta,78,3,3,5,1979,0,0,1,centralno,useljiv,"3-soban stan, 78 m², Brčanska Malta. Prelijep pogled na grad.",273000
156,Solana,66,2,2,9,2021,1,1,0,centralno,useljiv,"2-soban stan, 66 m², Solana. Blizu škole i prodavnice. Zgrada ima lift.",316000
157,Slatina,85,4,5,6,1985,1,0,0,plin,renoviran,"4-soban stan, 85 m², Slatina. Kompletno renoviran. Blizu škole i prodavnice.",319000
158,Mejdan,49,2,2,8,1982,1,0,1,centralno,renoviran,"2-soban stan, 49 m², Mejdan. Kompletno renoviran.",172000
159,Stupine,65,3,2,10,2023,1,1,1,struja,novogradnja,"3-soban stan, 65 m², Stupine. Novogradnja, prvi vlasnik. Prelijep pogled na grad. Zgrada ima lift.",425000
160,Centar,35,2,0,3,1972,0,0,0,struja,renoviran,"2-soban stan, 35 m², Centar. Kompletno renoviran. Prelijep pogled na grad. Blizu škole i prodavnice.",153000
161,Stupine,78,4,3,5,1994,1,0,0,centralno,za renoviranje,"4-soban stan, 78 m², Stupine. Potrebno renoviranje. Blizu škole i prodavnice.",342000
162,Kreka,63,3,7,10,2021,1,1,1,centralno,useljiv,"3-soban stan, 63 m², Kreka.",283000
163,Gornja Tuzla,52,1,9,11,2023,1,1,0,centralno,novogradnja,"1-soban stan, 52 m², Gornja Tuzla. Novogradnja, prvi vlasnik. Blizu škole i prodavnice. Zgrada ima lift.",267000
164,Centar,90,5,8,8,1979,1,0,0,centralno,za renoviranje,"5-soban stan, 90 m², Centar. Potrebno renoviranje.",326500
165,Brčanska Malta,76,3,0,10,1986,1,0,1,centralno,renoviran,"3-soban stan, 76 m², Brčanska Malta. Kompletno renoviran. Zgrada ima lift.",302000
166,Sjenjak,24,2,1,5,1976,0,1,1,plin,useljiv,"2-soban stan, 24 m², Sjenjak. Prelijep pogled na grad.",110000
167,Brčanska Malta,61,3,7,8,2012,0,1,1,centralno,renoviran,"3-soban stan, 61 m², Brčanska Malta. Kompletno renoviran.",286000
168,Brčanska Malta,36,2,3,8,1973,1,0,1,centralno,useljiv,"2-soban stan, 36 m², Brčanska Malta. HITNO, cijena po dogovoru!",136000
169,Slatina,87,5,1,6,1973,1,1,1,centralno,renoviran,"5-soban stan, 87 m², Slatina. Kompletno renoviran. Prelijep pogled na grad. Zgrada ima lift.",357500
170,Solana,143,5,5,7,1975,1,0,1,plin,za renoviranje,"5-soban stan, 143 m², Solana. Potrebno renoviranje. Blizu škole i prodavnice.",386500
171,Sjenjak,50,3,3,5,1973,0,0,0,centralno,renoviran,"3-soban stan, 50 m², Sjenjak. Kompletno renoviran.",193500
172,Brčanska Malta,62,2,2,8,2004,1,1,0,struja,useljiv,"2-soban stan, 62 m², Brčanska Malta.",223500
173,Brčanska Malta,55,3,8,10,1973,1,0,1,centralno,useljiv,"3-soban stan, 55 m², Brčanska Malta. Blizu škole i prodavnice.",186000
174,Stupine,68,3,1,9,1982,1,0,0,plin,renoviran,"3-soban stan, 68 m², Stupine. Kompletno renoviran. Zgrada ima lift.",280000
175,Centar,75,3,3,6,1976,1,1,0,plin,za renoviranje,"3-soban stan, 75 m², Centar. Potrebno renoviranje.",302000
176,Mejdan,94,4,3,5,1986,0,0,1,centralno,useljiv,"4-soban stan, 94 m², Mejdan. Blizu škole i prodavnice.",356500
177,Simin Han,42,2,3,3,1972,0,1,1,centralno,renoviran,"2-soban stan, 42 m², Simin Han. Kompletno renoviran. Prelijep pogled na grad.",159500
178,Gornja Tuzla,104,5,2,7,1987,0,1,1,struja,renoviran,"5-soban stan, 104 m², Gornja Tuzla. Kompletno renoviran.",345500
179,Kula,43,1,1,7,2006,1,0,1,centralno,renoviran,"1-soban stan, 43 m², Kula. Kompletno renoviran. Blizu škole i prodavnice. Zgrada ima lift.",163000
180,Centar,66,3,0,3,1976,0,0,1,plin,useljiv,"3-soban stan, 66 m², Centar. Blizu škole i prodavnice.",233500
181,Kreka,90,3,5,5,2005,1,0,0,struja,renoviran,"3-soban stan, 90 m², Kreka. Kompletno renoviran. Blizu škole i prodavnice. Zgrada ima lift.",313000
182,Gornja Tuzla,77,4,3,9,1989,1,0,1,centralno,useljiv,"4-soban stan, 77 m², Gornja Tuzla. Zgrada ima lift.",246500
183,Kreka,43,2,4,9,1962,1,0,1,centralno,useljiv,"2-soban stan, 43 m², Kreka. Blizu škole i prodavnice. Zgrada ima lift.",130000
184,Batva,47,2,8,9,1969,1,1,1,centralno,useljiv,"2-soban stan, 47 m², Batva.",179500
185,Kreka,51,2,4,5,2026,1,1,1,centralno,novogradnja,"2-soban stan, 51 m², Kreka. Novogradnja, prvi vlasnik. Blizu škole i prodavnice.",258500
186,Centar,59,3,0,8,1968,1,1,1,struja,renoviran,"3-soban stan, 59 m², Centar. Kompletno renoviran. Blizu škole i prodavnice. Zgrada ima lift.",227500
187,Centar,90,4,0,3,1972,0,0,1,struja,renoviran,"4-soban stan, 90 m², Centar. Kompletno renoviran.",316000
188,Centar,38,1,4,4,2018,1,1,0,centralno,renoviran,"1-soban stan, 38 m², Centar. Kompletno renoviran. Blizu škole i prodavnice.",335000
189,Stupine,71,3,6,8,1968,1,0,1,centralno,renoviran,"3-soban stan, 71 m², Stupine. Kompletno renoviran. Zgrada ima lift.",260000
190,Stupine,74,2,4,7,1977,1,0,0,centralno,useljiv,"2-soban stan, 74 m², Stupine. Zgrada ima lift.",270500
191,Stupine,73,3,9,10,1973,1,1,0,centralno,renoviran,"3-soban stan, 73 m², Stupine. Kompletno renoviran.",325000
192,Batva,71,3,6,7,2016,1,0,1,plin,useljiv,"3-soban stan, 71 m², Batva. Blizu škole i prodavnice.",340000
193,Centar,102,4,4,5,1965,1,0,1,centralno,renoviran,"4-soban stan, 102 m², Centar. Kompletno renoviran.",401500
194,Brčanska Malta,71,4,6,11,2026,1,1,1,centralno,novogradnja,"4-soban stan, 71 m², Brčanska Malta. Novogradnja, prvi vlasnik.",380000
195,Stupine,81,2,3,3,1961,0,0,0,centralno,renoviran,"2-soban stan, 81 m², Stupine. Kompletno renoviran. Blizu škole i prodavnice.",330000
196,Kula,73,2,3,4,1993,0,0,0,centralno,useljiv,"2-soban stan, 73 m², Kula.",302000
197,Centar,112,4,0,7,2019,1,1,1,plin,renoviran,"4-soban stan, 112 m², Centar. Kompletno renoviran.",552000
198,Slatina,31,1,7,7,1999,1,0,0,centralno,useljiv,"1-soban stan, 31 m², Slatina. Zgrada ima lift.",134500
199,Solana,94,4,0,5,1985,0,1,1,plin,useljiv,"4-soban stan, 94 m², Solana. Prelijep pogled na grad. Blizu škole i prodavnice.",286000
200,Batva,55,2,0,3,1981,1,0,1,centralno,renoviran,"2-soban stan, 55 m², Batva. Kompletno renoviran. Blizu škole i prodavnice. Zgrada ima lift.",203500
201,Gornja Tuzla,54,2,4,5,1976,0,0,1,struja,useljiv,"2-soban stan, 54 m², Gornja Tuzla. Prelijep pogled na grad.",123500
202,Brčanska Malta,43,2,1,11,2026,1,1,1,centralno,novogradnja,"2-soban stan, 43 m², Brčanska Malta. Novogradnja, prvi vlasnik. Blizu škole i prodavnice.",272000
203,Brčanska Malta,31,1,0,8,1982,1,1,1,plin,renoviran,"1-soban stan, 31 m², Brčanska Malta. Kompletno renoviran. Prelijep pogled na grad.",113500
204,Stupine,52,2,4,7,1995,0,0,0,plin,useljiv,"2-soban stan, 52 m², Stupine.",164000
205,Batva,47,1,3,5,1991,0,0,1,plin,useljiv,"1-soban stan, 47 m², Batva.",175000
206,Centar,71,4,3,7,2026,1,0,1,struja,novogradnja,"4-soban stan, 71 m², Centar. Novogradnja, prvi vlasnik.",536000
207,Gornja Tuzla,36,1,2,7,1976,1,0,1,centralno,renoviran,"1-soban stan, 36 m², Gornja Tuzla. Kompletno renoviran.",125500
208,Solana,99,4,2,4,1975,0,0,1,plin,renoviran,"4-soban stan, 99 m², Solana. Kompletno renoviran. HITNO, cijena po dogovoru!",308500
209,Kreka,66,3,6,12,2020,1,1,1,struja,useljiv,"3-soban stan, 66 m², Kreka. Zgrada ima lift.",247000
210,Centar,55,3,2,6,1988,1,0,0,plin,za renoviranje,"3-soban stan, 55 m², Centar. Potrebno renoviranje. Zgrada ima lift.",265000
211,Slatina,47,2,5,12,2010,1,0,1,plin,useljiv,"2-soban stan, 47 m², Slatina. Blizu škole i prodavnice. Zgrada ima lift.",210000
212,Slatina,46,2,8,8,1997,1,0,1,centralno,renoviran,"2-soban stan, 46 m², Slatina. Kompletno renoviran. Zgrada ima lift.",260000
213,Centar,40,2,8,10,2018,1,1,1,centralno,useljiv,"2-soban stan, 40 m², Centar. Blizu škole i prodavnice. Zgrada ima lift.",287000
214,Brčanska Malta,50,3,5,8,2019,1,0,1,struja,useljiv,"3-soban stan, 50 m², Brčanska Malta.",206000
215,Simin Han,60,2,0,8,2012,1,1,0,centralno,renoviran,"2-soban stan, 60 m², Simin Han. Kompletno renoviran.",247500
216,Slatina,56,3,5,8,1969,1,0,0,plin,useljiv,"3-soban stan, 56 m², Slatina. Prelijep pogled na grad. Zgrada ima lift.",214000
217,Kreka,37,2,10,10,2015,1,1,1,centralno,useljiv,"2-soban stan, 37 m², Kreka. Blizu škole i prodavnice. Zgrada ima lift.",198000
218,Simin Han,55,3,0,3,1962,0,0,1,struja,renoviran,"3-soban stan, 55 m², Simin Han. Kompletno renoviran.",152500
219,Stupine,44,3,3,6,2019,1,1,0,centralno,za renoviranje,"3-soban stan, 44 m², Stupine. Potrebno renoviranje. Blizu škole i prodavnice. Zgrada ima lift.",247000
220,Simin Han,63,2,1,5,1969,0,0,0,centralno,renoviran,"2-soban stan, 63 m², Simin Han. Kompletno renoviran. Blizu škole i prodavnice.",192500
221,Kreka,115,4,9,11,2019,1,0,0,centralno,useljiv,"4-soban stan, 115 m², Kreka.",423500
222,Stupine,75,3,1,3,1995,0,1,1,plin,za renoviranje,"3-soban stan, 75 m², Stupine. Potrebno renoviranje. Prelijep pogled na grad. Blizu škole i prodavnice.",305000
223,Batva,54,3,2,4,1965,0,0,1,centralno,useljiv,"3-soban stan, 54 m², Batva. Blizu škole i prodavnice.",192000
224,Brčanska Malta,34,2,12,12,2010,1,1,1,centralno,renoviran,"2-soban stan, 34 m², Brčanska Malta. Kompletno renoviran. HITNO, cijena po dogovoru!",143500
225,Brčanska Malta,37,2,0,8,1999,1,0,0,centralno,useljiv,"2-soban stan, 37 m², Brčanska Malta. Blizu škole i prodavnice.",153500
226,Centar,33,3,0,6,1977,1,0,1,plin,renoviran,"3-soban stan, 33 m², Centar. Kompletno renoviran. HITNO, cijena po dogovoru!",148500
227,Brčanska Malta,77,3,1,4,2019,1,1,1,centralno,useljiv,"3-soban stan, 77 m², Brčanska Malta. Prelijep pogled na grad. HITNO, cijena po dogovoru! Zgrada ima lift.",368500
228,Brčanska Malta,46,2,4,8,1994,1,1,1,centralno,useljiv,"2-soban stan, 46 m², Brčanska Malta.",194500
229,Gornja Tuzla,61,2,1,7,1989,1,0,1,struja,useljiv,"2-soban stan, 61 m², Gornja Tuzla. Zgrada ima lift.",189500
230,Gornja Tuzla,48,2,4,5,2024,1,1,1,struja,novogradnja,"2-soban stan, 48 m², Gornja Tuzla. Novogradnja, prvi vlasnik.",227500
231,Slatina,62,3,1,6,1972,1,1,1,centralno,renoviran,"3-soban stan, 62 m², Slatina. Kompletno renoviran.",269000
232,Kula,98,5,2,3,1979,1,0,1,centralno,useljiv,"5-soban stan, 98 m², Kula. Prelijep pogled na grad. Zgrada ima lift.",322000
233,Kreka,47,1,1,5,2026,1,1,1,centralno,novogradnja,"1-soban stan, 47 m², Kreka. Novogradnja, prvi vlasnik. Zgrada ima lift.",264000
234,Kreka,53,2,6,7,1975,1,0,1,plin,useljiv,"2-soban stan, 53 m², Kreka. Zgrada ima lift.",159500
235,Stupine,45,1,2,4,2021,1,1,1,plin,za renoviranje,"1-soban stan, 45 m², Stupine. Potrebno renoviranje. Prelijep pogled na grad. Zgrada ima lift.",235500
236,Centar,81,4,3,9,1979,0,0,1,centralno,renoviran,"4-soban stan, 81 m², Centar. Kompletno renoviran.",370500
237,Brčanska Malta,42,2,7,9,2022,1,0,1,plin,renoviran,"2-soban stan, 42 m², Brčanska Malta. Kompletno renoviran. Zgrada ima lift.",242000
238,Stupine,40,2,1,10,1981,1,0,1,centralno,renoviran,"2-soban stan, 40 m², Stupine. Kompletno renoviran. Zgrada ima lift.",161500
239,Batva,37,1,4,7,1995,1,0,1,centralno,useljiv,"1-soban stan, 37 m², Batva.",170000
240,Solana,37,1,0,3,1996,1,0,0,centralno,renoviran,"1-soban stan, 37 m², Solana. Kompletno renoviran. Zgrada ima lift.",148500
241,Mejdan,71,3,1,6,1988,1,0,0,struja,useljiv,"3-soban stan, 71 m², Mejdan. HITNO, cijena po dogovoru! Blizu škole i prodavnice.",275000
242,Stupine,147,5,2,3,1987,0,0,0,centralno,renoviran,"5-soban stan, 147 m², Stupine. Kompletno renoviran. Prelijep pogled na grad.",669500
243,Sjenjak,42,2,6,9,2009,1,0,0,plin,renoviran,"2-soban stan, 42 m², Sjenjak. Kompletno renoviran. Blizu škole i prodavnice. Zgrada ima lift.",174000
244,Brčanska Malta,84,4,3,6,1974,1,1,1,struja,renoviran,"4-soban stan, 84 m², Brčanska Malta. Kompletno renoviran. Zgrada ima lift.",327500
245,Centar,66,3,1,10,2026,1,0,1,centralno,novogradnja,"3-soban stan, 66 m², Centar. Novogradnja, prvi vlasnik. Blizu škole i prodavnice. Zgrada ima lift.",526000
246,Mejdan,41,1,2,6,2014,1,1,1,struja,useljiv,"1-soban stan, 41 m², Mejdan. Zgrada ima lift.",224000
247,Stupine,54,3,8,9,1973,1,1,0,centralno,useljiv,"3-soban stan, 54 m², Stupine. HITNO, cijena po dogovoru! Blizu škole i prodavnice.",203500
248,Brčanska Malta,55,2,3,3,1978,0,0,1,centralno,renoviran,"2-soban stan, 55 m², Brčanska Malta. Kompletno renoviran. Blizu škole i prodavnice.",194500
249,Gornja Tuzla,47,2,1,4,1981,1,1,1,centralno,useljiv,"2-soban stan, 47 m², Gornja Tuzla. Zgrada ima lift.",136500
250,Mejdan,118,4,5,12,2020,1,1,1,centralno,za renoviranje,"4-soban stan, 118 m², Mejdan. Potrebno renoviranje.",499000
251,Mejdan,31,1,1,6,1988,1,0,1,plin,renoviran,"1-soban stan, 31 m², Mejdan. Kompletno renoviran.",166000
252,Batva,69,2,1,8,1974,1,0,1,centralno,useljiv,"2-soban stan, 69 m², Batva. Prelijep pogled na grad. Zgrada ima lift.",239500
253,Stupine,67,2,6,11,2014,1,0,1,centralno,renoviran,"2-soban stan, 67 m², Stupine. Kompletno renoviran. Zgrada ima lift.",412500
254,Stupine,49,3,2,3,1971,1,0,0,centralno,useljiv,"3-soban stan, 49 m², Stupine. Blizu škole i prodavnice. Zgrada ima lift.",190500
255,Slatina,63,3,7,11,2010,1,1,1,centralno,renoviran,"3-soban stan, 63 m², Slatina. Kompletno renoviran. Blizu škole i prodavnice.",318000
256,Sjenjak,82,3,4,7,2011,1,0,1,centralno,za renoviranje,"3-soban stan, 82 m², Sjenjak. Potrebno renoviranje.",373500
257,Centar,63,3,2,3,1966,0,1,0,plin,useljiv,"3-soban stan, 63 m², Centar.",271500
258,Simin Han,69,3,5,6,1997,1,1,1,centralno,useljiv,"3-soban stan, 69 m², Simin Han. Zgrada ima lift.",247000
259,Batva,76,3,5,6,1991,0,0,0,struja,za renoviranje,"3-soban stan, 76 m², Batva. Potrebno renoviranje. Blizu škole i prodavnice.",221500
260,Slatina,29,1,5,8,2026,1,1,1,struja,novogradnja,"1-soban stan, 29 m², Slatina. Novogradnja, prvi vlasnik. Prelijep pogled na grad. Zgrada ima lift.",204000
261,Centar,101,4,6,8,1977,1,1,0,struja,renoviran,"4-soban stan, 101 m², Centar. Kompletno renoviran. Zgrada ima lift.",424000
262,Simin Han,133,4,0,8,1988,1,0,1,struja,za renoviranje,"4-soban stan, 133 m², Simin Han. Potrebno renoviranje. Zgrada ima lift.",287000
263,Stupine,85,3,4,4,2022,1,1,1,struja,useljiv,"3-soban stan, 85 m², Stupine. Prelijep pogled na grad. Zgrada ima lift.",470000
264,Stupine,86,4,4,8,1973,1,0,1,centralno,za renoviranje,"4-soban stan, 86 m², Stupine. Potrebno renoviranje. Prelijep pogled na grad. Zgrada ima lift.",278000
265,Stupine,37,1,5,7,2024,1,0,1,centralno,novogradnja,"1-soban stan, 37 m², Stupine. Novogradnja, prvi vlasnik. Zgrada ima lift.",275500
266,Centar,58,2,1,7,1986,1,0,0,centralno,renoviran,"2-soban stan, 58 m², Centar. Kompletno renoviran.",301500
267,Kreka,45,2,5,5,1985,1,0,1,centralno,renoviran,"2-soban stan, 45 m², Kreka. Kompletno renoviran. Prelijep pogled na grad. HITNO, cijena po dogovoru!",139000
268,Slatina,49,2,2,11,2024,1,0,0,centralno,novogradnja,"2-soban stan, 49 m², Slatina. Novogradnja, prvi vlasnik. Blizu škole i prodavnice.",307000
269,Slatina,84,4,4,7,1988,1,0,0,struja,za renoviranje,"4-soban stan, 84 m², Slatina. Potrebno renoviranje. Prelijep pogled na grad. HITNO, cijena po dogovoru! Zgrada ima lift.",277500
270,Gornja Tuzla,45,2,3,4,1974,1,0,0,plin,za renoviranje,"2-soban stan, 45 m², Gornja Tuzla. Potrebno renoviranje.",106500
271,Brčanska Malta,57,2,4,5,1976,0,0,1,struja,useljiv,"2-soban stan, 57 m², Brčanska Malta.",164500
272,Stupine,31,1,6,6,2007,1,0,1,struja,useljiv,"1-soban stan, 31 m², Stupine. Blizu škole i prodavnice.",128000
273,Mejdan,57,2,1,3,1993,0,1,0,plin,za renoviranje,"2-soban stan, 57 m², Mejdan. Potrebno renoviranje.",239500
274,Kreka,62,2,4,4,1977,0,0,1,centralno,useljiv,"2-soban stan, 62 m², Kreka.",146000
275,Mejdan,47,1,2,9,1981,1,1,1,centralno,useljiv,"1-soban stan, 47 m², Mejdan. Zgrada ima lift.",190500
276,Kula,47,2,1,5,1979,0,0,0,centralno,useljiv,"2-soban stan, 47 m², Kula.",137500
277,Centar,116,5,7,10,2019,1,1,1,struja,useljiv,"5-soban stan, 116 m², Centar.",626000
278,Kula,39,1,2,5,1985,0,0,1,centralno,useljiv,"1-soban stan, 39 m², Kula. Blizu škole i prodavnice.",136000
279,Simin Han,42,2,4,8,1995,1,0,0,centralno,renoviran,"2-soban stan, 42 m², Simin Han. Kompletno renoviran. Zgrada ima lift.",146500
280,Gornja Tuzla,45,2,10,11,2023,1,1,0,centralno,novogradnja,"2-soban stan, 45 m², Gornja Tuzla. Novogradnja, prvi vlasnik.",192500
281,Kula,91,3,0,4,1979,0,0,0,plin,za renoviranje,"3-soban stan, 91 m², Kula. Potrebno renoviranje.",194000
282,Mejdan,125,5,5,5,2025,1,1,0,plin,novogradnja,"5-soban stan, 125 m², Mejdan. Novogradnja, prvi vlasnik. Prelijep pogled na grad. Blizu škole i prodavnice.",595000
283,Centar,67,2,2,4,1982,0,0,1,centralno,renoviran,"2-soban stan, 67 m², Centar. Kompletno renoviran. Blizu škole i prodavnice.",351500
284,Sjenjak,47,1,0,9,2009,1,0,0,plin,useljiv,"1-soban stan, 47 m², Sjenjak. Zgrada ima lift.",174500
285,Simin Han,52,1,2,5,1977,0,1,1,struja,renoviran,"1-soban stan, 52 m², Simin Han. Kompletno renoviran. Blizu škole i prodavnice.",173000
286,Stupine,87,3,1,4,2007,0,0,1,centralno,useljiv,"3-soban stan, 87 m², Stupine. Prelijep pogled na grad.",349500
287,Slatina,44,2,8,9,2012,1,0,1,centralno,za renoviranje,"2-soban stan, 44 m², Slatina. Potrebno renoviranje.",255500
288,Batva,100,3,2,4,1996,1,0,1,centralno,za renoviranje,"3-soban stan, 100 m², Batva. Potrebno renoviranje.",351500
289,Simin Han,99,4,7,10,2016,1,1,1,centralno,renoviran,"4-soban stan, 99 m², Simin Han. Kompletno renoviran. Blizu škole i prodavnice.",383000
290,Kreka,61,2,1,6,1986,1,0,1,centralno,renoviran,"2-soban stan, 61 m², Kreka. Kompletno renoviran. Prelijep pogled na grad. Zgrada ima lift.",230000
291,Stupine,75,3,0,9,1969,1,1,0,centralno,renoviran,"3-soban stan, 75 m², Stupine. Kompletno renoviran. Blizu škole i prodavnice.",257500
292,Stupine,78,3,0,5,2026,1,1,1,centralno,novogradnja,"3-soban stan, 78 m², Stupine. Novogradnja, prvi vlasnik.",515500
293,Simin Han,103,5,4,9,1991,1,0,0,centralno,renoviran,"5-soban stan, 103 m², Simin Han. Kompletno renoviran. Blizu škole i prodavnice.",319000
294,Brčanska Malta,42,1,0,3,1992,0,0,1,struja,useljiv,"1-soban stan, 42 m², Brčanska Malta. Prelijep pogled na grad.",142500
295,Kula,91,3,3,4,1991,0,0,0,centralno,useljiv,"3-soban stan, 91 m², Kula.",285500
296,Solana,53,2,2,4,1966,0,0,0,struja,useljiv,"2-soban stan, 53 m², Solana. HITNO, cijena po dogovoru!",159000
297,Solana,46,2,3,4,1979,0,1,1,plin,za renoviranje,"2-soban stan, 46 m², Solana. Potrebno renoviranje.",151000
298,Gornja Tuzla,62,2,2,3,1964,1,1,1,struja,renoviran,"2-soban stan, 62 m², Gornja Tuzla. Kompletno renoviran. Blizu škole i prodavnice.",176000
299,Simin Han,56,2,4,4,2008,0,1,1,struja,useljiv,"2-soban stan, 56 m², Simin Han. Blizu škole i prodavnice.",170000
300,Mejdan,42,3,8,10,2021,1,0,0,struja,renoviran,"3-soban stan, 42 m², Mejdan. Kompletno renoviran.",212000
301,Brčanska Malta,34,1,6,11,2006,1,1,1,centralno,za renoviranje,"1-soban stan, 34 m², Brčanska Malta. Potrebno renoviranje.",134500
302,Stupine,43,2,4,7,2019,1,1,1,plin,useljiv,"2-soban stan, 43 m², Stupine. Prelijep pogled na grad. Blizu škole i prodavnice. Zgrada ima lift.",279000
303,Simin Han,100,5,0,4,1989,0,1,1,centralno,za renoviranje,"5-soban stan, 100 m², Simin Han. Potrebno renoviranje. Blizu škole i prodavnice.",276500
304,Simin Han,119,5,5,9,1968,1,0,1,struja,useljiv,"5-soban stan, 119 m², Simin Han. Blizu škole i prodavnice. Zgrada ima lift.",339000
305,Kula,75,3,4,5,1989,0,0,1,struja,useljiv,"3-soban stan, 75 m², Kula.",237500
306,Sjenjak,91,3,5,9,1978,1,0,0,centralno,useljiv,"3-soban stan, 91 m², Sjenjak. Blizu škole i prodavnice.",332000
307,Mejdan,50,2,0,10,1977,1,0,1,plin,za renoviranje,"2-soban stan, 50 m², Mejdan. Potrebno renoviranje. Zgrada ima lift.",134500
308,Mejdan,58,3,8,10,1972,1,0,1,plin,renoviran,"3-soban stan, 58 m², Mejdan. Kompletno renoviran.",224000
309,Centar,66,3,5,8,1978,1,0,1,centralno,renoviran,"3-soban stan, 66 m², Centar. Kompletno renoviran.",350500
310,Gornja Tuzla,41,2,3,4,2004,0,0,0,centralno,useljiv,"2-soban stan, 41 m², Gornja Tuzla. Prelijep pogled na grad.",143500
311,Batva,42,2,0,4,1998,0,1,1,centralno,useljiv,"2-soban stan, 42 m², Batva.",153500
312,Mejdan,62,3,3,4,2020,1,1,1,plin,useljiv,"3-soban stan, 62 m², Mejdan. Prelijep pogled na grad. Zgrada ima lift.",304500
313,Batva,54,2,0,12,2026,1,0,1,struja,novogradnja,"2-soban stan, 54 m², Batva. Novogradnja, prvi vlasnik. Blizu škole i prodavnice. Zgrada ima lift.",242000
314,Kula,41,2,6,6,1971,1,0,1,centralno,renoviran,"2-soban stan, 41 m², Kula. Kompletno renoviran. HITNO, cijena po dogovoru! Blizu škole i prodavnice. Zgrada ima lift.",112000
315,Mejdan,69,3,2,6,2026,1,1,1,centralno,novogradnja,"3-soban stan, 69 m², Mejdan. Novogradnja, prvi vlasnik. Prelijep pogled na grad.",399500
316,Gornja Tuzla,55,3,1,9,2022,1,1,1,centralno,renoviran,"3-soban stan, 55 m², Gornja Tuzla. Kompletno renoviran.",226500
317,Kreka,86,3,0,7,1999,1,0,1,centralno,useljiv,"3-soban stan, 86 m², Kreka. Blizu škole i prodavnice. Zgrada ima lift.",273000
318,Mejdan,60,2,0,9,2026,1,1,0,struja,novogradnja,"2-soban stan, 60 m², Mejdan. Novogradnja, prvi vlasnik.",266000
319,Stupine,54,2,3,3,1989,0,1,1,struja,renoviran,"2-soban stan, 54 m², Stupine. Kompletno renoviran. Blizu škole i prodavnice.",233000
320,Simin Han,63,2,4,7,1964,1,0,0,plin,useljiv,"2-soban stan, 63 m², Simin Han.",188000
321,Solana,56,2,0,5,1971,0,0,1,centralno,za renoviranje,"2-soban stan, 56 m², Solana. Potrebno renoviranje. Prelijep pogled na grad.",161500
322,Stupine,47,2,3,7,1977,1,1,1,struja,renoviran,"2-soban stan, 47 m², Stupine. Kompletno renoviran. Blizu škole i prodavnice. Zgrada ima lift.",202500
323,Kula,52,2,1,11,2011,1,0,1,centralno,renoviran,"2-soban stan, 52 m², Kula. Kompletno renoviran. Zgrada ima lift.",291000
324,Gornja Tuzla,78,3,5,5,1992,0,0,1,centralno,za renoviranje,"3-soban stan, 78 m², Gornja Tuzla. Potrebno renoviranje.",171500
325,Kreka,75,3,2,9,2007,1,0,1,centralno,useljiv,"3-soban stan, 75 m², Kreka. Zgrada ima lift.",248500
326,Stupine,94,3,3,10,1966,1,0,1,struja,za renoviranje,"3-soban stan, 94 m², Stupine. Potrebno renoviranje. Prelijep pogled na grad. Zgrada ima lift.",285500
327,Centar,33,1,3,3,1972,1,1,1,centralno,za renoviranje,"1-soban stan, 33 m², Centar. Potrebno renoviranje.",143000
328,Solana,52,3,6,8,1999,1,0,0,struja,useljiv,"3-soban stan, 52 m², Solana. Prelijep pogled na grad. Zgrada ima lift.",198500
329,Centar,52,2,4,9,2004,1,0,1,centralno,useljiv,"2-soban stan, 52 m², Centar. Blizu škole i prodavnice.",286000
330,Stupine,64,3,6,8,1981,1,0,0,struja,renoviran,"3-soban stan, 64 m², Stupine. Kompletno renoviran. Blizu škole i prodavnice.",276000
331,Batva,51,2,2,5,1971,0,0,0,centralno,useljiv,"2-soban stan, 51 m², Batva. Prelijep pogled na grad.",191500
332,Sjenjak,50,2,2,9,1979,1,0,0,centralno,renoviran,"2-soban stan, 50 m², Sjenjak. Kompletno renoviran.",190000
333,Simin Han,79,2,0,4,2018,1,1,1,centralno,renoviran,"2-soban stan, 79 m², Simin Han. Kompletno renoviran. Zgrada ima lift.",331500
334,Stupine,64,2,0,7,2006,1,0,1,plin,useljiv,"2-soban stan, 64 m², Stupine. Prelijep pogled na grad. Zgrada ima lift.",242500
335,Kreka,40,1,1,3,1978,0,0,1,centralno,useljiv,"1-soban stan, 40 m², Kreka. Blizu škole i prodavnice.",145500
336,Stupine,96,4,4,9,2023,1,0,1,centralno,novogradnja,"4-soban stan, 96 m², Stupine. Novogradnja, prvi vlasnik. Zgrada ima lift.",528000
337,Simin Han,85,4,8,8,1962,1,0,0,centralno,renoviran,"4-soban stan, 85 m², Simin Han. Kompletno renoviran. Prelijep pogled na grad.",252000
338,Centar,49,2,1,5,1979,0,0,0,centralno,useljiv,"2-soban stan, 49 m², Centar. Prelijep pogled na grad. HITNO, cijena po dogovoru!",222500
339,Sjenjak,80,4,4,9,1984,1,1,1,struja,za renoviranje,"4-soban stan, 80 m², Sjenjak. Potrebno renoviranje. HITNO, cijena po dogovoru! Blizu škole i prodavnice. Zgrada ima lift.",226000
340,Centar,46,2,1,8,2021,1,1,0,centralno,useljiv,"2-soban stan, 46 m², Centar. Prelijep pogled na grad.",306500
341,Slatina,89,4,0,3,1992,0,1,1,centralno,za renoviranje,"4-soban stan, 89 m², Slatina. Potrebno renoviranje.",342500
342,Slatina,56,3,4,8,2007,1,0,1,centralno,za renoviranje,"3-soban stan, 56 m², Slatina. Potrebno renoviranje.",242500
343,Kula,45,2,2,9,2021,1,1,1,centralno,useljiv,"2-soban stan, 45 m², Kula. Prelijep pogled na grad. Zgrada ima lift.",207000
344,Sjenjak,53,2,1,10,1989,1,0,1,centralno,useljiv,"2-soban stan, 53 m², Sjenjak.",244000
345,Centar,46,2,3,4,1978,0,0,1,struja,za renoviranje,"2-soban stan, 46 m², Centar. Potrebno renoviranje.",176000
346,Solana,64,2,3,5,1981,0,1,1,centralno,renoviran,"2-soban stan, 64 m², Solana. Kompletno renoviran.",277500
347,Kreka,64,3,0,8,1993,1,1,1,plin,renoviran,"3-soban stan, 64 m², Kreka. Kompletno renoviran. Blizu škole i prodavnice.",231500
348,Kreka,61,3,6,10,1976,1,0,0,struja,useljiv,"3-soban stan, 61 m², Kreka. Blizu škole i prodavnice. Zgrada ima lift.",186500
349,Stupine,49,2,0,7,1965,0,0,1,struja,useljiv,"2-soban stan, 49 m², Stupine. Prelijep pogled na grad. Blizu škole i prodavnice.",164500
350,Mejdan,24,1,3,6,2008,1,0,0,centralno,useljiv,"1-soban stan, 24 m², Mejdan. Blizu škole i prodavnice. Zgrada ima lift.",117000
351,Stupine,62,2,2,10,2021,1,1,1,plin,za renoviranje,"2-soban stan, 62 m², Stupine. Potrebno renoviranje. Zgrada ima lift.",352500
352,Stupine,31,1,6,11,2026,1,0,1,centralno,novogradnja,"1-soban stan, 31 m², Stupine. Novogradnja, prvi vlasnik. Zgrada ima lift.",241000
353,Centar,65,3,7,8,1984,1,0,1,plin,za renoviranje,"3-soban stan, 65 m², Centar. Potrebno renoviranje. Zgrada ima lift.",229500
354,Sjenjak,89,4,2,10,1981,1,0,1,plin,useljiv,"4-soban stan, 89 m², Sjenjak.",323500
355,Stupine,66,3,2,7,2017,1,1,0,plin,useljiv,"3-soban stan, 66 m², Stupine. Zgrada ima lift.",442000
356,Stupine,52,2,2,4,2022,1,0,1,centralno,renoviran,"2-soban stan, 52 m², Stupine. Kompletno renoviran.",295500
357,Kreka,56,3,0,3,1981,0,1,1,centralno,za renoviranje,"3-soban stan, 56 m², Kreka. Potrebno renoviranje. Blizu škole i prodavnice.",135500
358,Sjenjak,57,2,4,4,2024,1,1,1,struja,novogradnja,"2-soban stan, 57 m², Sjenjak. Novogradnja, prvi vlasnik. Zgrada ima lift.",295500
359,Stupine,50,2,1,6,2007,1,0,1,plin,renoviran,"2-soban stan, 50 m², Stupine. Kompletno renoviran. Blizu škole i prodavnice. Zgrada ima lift.",255500
360,Brčanska Malta,49,3,5,6,1971,0,0,1,centralno,renoviran,"3-soban stan, 49 m², Brčanska Malta. Kompletno renoviran. Blizu škole i prodavnice.",143500
361,Slatina,43,3,2,5,1988,1,0,1,plin,renoviran,"3-soban stan, 43 m², Slatina. Kompletno renoviran.",203500
362,Batva,91,4,0,4,1966,0,0,1,centralno,za renoviranje,"4-soban stan, 91 m², Batva. Potrebno renoviranje.",215500
363,Slatina,60,3,3,3,1987,1,1,1,centralno,useljiv,"3-soban stan, 60 m², Slatina. Blizu škole i prodavnice.",284500
364,Sjenjak,84,3,1,3,1998,1,0,0,centralno,za renoviranje,"3-soban stan, 84 m², Sjenjak. Potrebno renoviranje.",323500
365,Brčanska Malta,55,3,1,5,2019,1,0,1,centralno,za renoviranje,"3-soban stan, 55 m², Brčanska Malta. Potrebno renoviranje. Prelijep pogled na grad. Blizu škole i prodavnice. Zgrada ima lift.",225500
366,Batva,62,3,7,10,1989,1,0,1,plin,renoviran,"3-soban stan, 62 m², Batva. Kompletno renoviran.",245000
367,Mejdan,57,2,3,5,2005,0,1,0,centralno,useljiv,"2-soban stan, 57 m², Mejdan. Prelijep pogled na grad. HITNO, cijena po dogovoru!",217500
368,Simin Han,71,3,4,7,2005,1,0,1,centralno,useljiv,"3-soban stan, 71 m², Simin Han.",279000
369,Kreka,80,3,1,9,1993,1,0,1,centralno,renoviran,"3-soban stan, 80 m², Kreka. Kompletno renoviran.",304500
370,Stupine,65,3,1,3,1995,0,0,0,struja,useljiv,"3-soban stan, 65 m², Stupine.",273500
371,Stupine,47,2,1,8,1983,1,0,1,centralno,useljiv,"2-soban stan, 47 m², Stupine.",180000
372,Centar,46,3,6,7,1999,1,0,0,centralno,useljiv,"3-soban stan, 46 m², Centar.",212500
373,Solana,107,5,5,9,1987,1,1,1,centralno,useljiv,"5-soban stan, 107 m², Solana. Blizu škole i prodavnice.",353000
374,Solana,54,1,4,4,2020,1,0,0,centralno,renoviran,"1-soban stan, 54 m², Solana. Kompletno renoviran. Zgrada ima lift.",237000
375,Stupine,54,2,0,7,1968,1,0,0,centralno,useljiv,"2-soban stan, 54 m², Stupine. HITNO, cijena po dogovoru!",189000
376,Solana,100,3,7,12,2020,1,1,1,centralno,za renoviranje,"3-soban stan, 100 m², Solana. Potrebno renoviranje.",366500
377,Stupine,88,3,0,9,2009,1,0,1,plin,useljiv,"3-soban stan, 88 m², Stupine. Blizu škole i prodavnice. Zgrada ima lift.",350500
378,Sjenjak,72,3,1,5,1963,0,0,0,centralno,za renoviranje,"3-soban stan, 72 m², Sjenjak. Potrebno renoviranje.",210500
379,Sjenjak,52,2,6,7,2006,1,0,1,plin,useljiv,"2-soban stan, 52 m², Sjenjak.",269500
380,Kreka,137,5,3,3,1989,0,1,0,struja,renoviran,"5-soban stan, 137 m², Kreka. Kompletno renoviran. Blizu škole i prodavnice.",430000
381,Centar,69,3,3,3,1988,0,0,0,centralno,useljiv,"3-soban stan, 69 m², Centar. HITNO, cijena po dogovoru!",274000
382,Slatina,73,3,4,8,1986,1,0,0,plin,useljiv,"3-soban stan, 73 m², Slatina.",320000
383,Brčanska Malta,57,2,8,11,2006,0,1,1,plin,useljiv,"2-soban stan, 57 m², Brčanska Malta. Prelijep pogled na grad.",215500
384,Centar,37,1,3,10,1989,0,0,1,plin,useljiv,"1-soban stan, 37 m², Centar. Blizu škole i prodavnice.",223000
385,Stupine,38,1,4,5,1994,0,0,1,plin,useljiv,"1-soban stan, 38 m², Stupine.",147500
386,Sjenjak,69,4,1,8,1971,1,0,1,centralno,renoviran,"4-soban stan, 69 m², Sjenjak. Kompletno renoviran. Zgrada ima lift.",286500
387,Kreka,69,2,1,7,1963,1,1,1,struja,renoviran,"2-soban stan, 69 m², Kreka. Kompletno renoviran. Prelijep pogled na grad. Blizu škole i prodavnice.",239500
388,Simin Han,55,3,11,11,2009,1,0,0,plin,za renoviranje,"3-soban stan, 55 m², Simin Han. Potrebno renoviranje. Blizu škole i prodavnice. Zgrada ima lift.",156500
389,Gornja Tuzla,40,2,9,9,2026,1,0,1,struja,novogradnja,"2-soban stan, 40 m², Gornja Tuzla. Novogradnja, prvi vlasnik. Zgrada ima lift.",160500
390,Simin Han,36,1,2,3,1964,0,1,0,struja,renoviran,"1-soban stan, 36 m², Simin Han. Kompletno renoviran.",133000
391,Kula,53,2,0,7,2024,1,0,1,centralno,novogradnja,"2-soban stan, 53 m², Kula. Novogradnja, prvi vlasnik. Prelijep pogled na grad. Blizu škole i prodavnice.",286000
392,Gornja Tuzla,36,1,0,5,1981,0,0,1,centralno,useljiv,"1-soban stan, 36 m², Gornja Tuzla.",103000
393,Kula,82,3,0,4,2010,0,1,0,centralno,renoviran,"3-soban stan, 82 m², Kula. Kompletno renoviran.",301000
394,Simin Han,90,4,1,9,1974,0,1,1,plin,useljiv,"4-soban stan, 90 m², Simin Han.",342500
395,Slatina,160,5,4,4,2005,0,0,1,centralno,za renoviranje,"5-soban stan, 160 m², Slatina. Potrebno renoviranje.",461500
396,Stupine,82,4,6,6,1987,0,0,1,centralno,renoviran,"4-soban stan, 82 m², Stupine. Kompletno renoviran. Blizu škole i prodavnice.",313500
397,Simin Han,49,3,5,5,2018,1,1,0,centralno,useljiv,"3-soban stan, 49 m², Simin Han. HITNO, cijena po dogovoru!",171000
398,Stupine,44,2,0,4,1976,1,0,1,centralno,useljiv,"2-soban stan, 44 m², Stupine. Blizu škole i prodavnice. Zgrada ima lift.",161000
399,Kreka,24,1,6,7,1982,1,0,1,centralno,useljiv,"1-soban stan, 24 m², Kreka. Blizu škole i prodavnice.",75500
400,Brčanska Malta,49,2,4,5,1996,1,1,1,centralno,useljiv,"2-soban stan, 49 m², Brčanska Malta.",233000
401,Slatina,56,2,3,6,1965,1,0,0,struja,useljiv,"2-soban stan, 56 m², Slatina.",212500
402,Solana,84,3,7,12,2022,1,0,0,plin,za renoviranje,"3-soban stan, 84 m², Solana. Potrebno renoviranje.",322500
403,Stupine,74,3,1,10,1991,1,0,1,struja,useljiv,"3-soban stan, 74 m², Stupine. HITNO, cijena po dogovoru! Zgrada ima lift.",272000
404,Sjenjak,74,3,3,5,2024,1,1,0,centralno,novogradnja,"3-soban stan, 74 m², Sjenjak. Novogradnja, prvi vlasnik.",451500
405,Centar,65,2,2,7,1979,1,0,0,plin,useljiv,"2-soban stan, 65 m², Centar. Blizu škole i prodavnice. Zgrada ima lift.",271000
406,Solana,76,4,4,5,2008,0,0,1,centralno,useljiv,"4-soban stan, 76 m², Solana. Prelijep pogled na grad. Blizu škole i prodavnice.",234000
407,Batva,100,4,7,7,1977,1,0,1,struja,za renoviranje,"4-soban stan, 100 m², Batva. Potrebno renoviranje. Zgrada ima lift.",257000
408,Gornja Tuzla,41,1,3,8,1969,1,0,1,centralno,useljiv,"1-soban stan, 41 m², Gornja Tuzla. Blizu škole i prodavnice.",108000
409,Slatina,51,2,7,10,1987,1,0,1,centralno,useljiv,"2-soban stan, 51 m², Slatina. Zgrada ima lift.",236000
410,Gornja Tuzla,37,1,5,8,1988,1,0,1,centralno,za renoviranje,"1-soban stan, 37 m², Gornja Tuzla. Potrebno renoviranje. Zgrada ima lift.",115500
411,Kula,106,4,1,3,1995,0,0,0,struja,za renoviranje,"4-soban stan, 106 m², Kula. Potrebno renoviranje. Prelijep pogled na grad. Blizu škole i prodavnice.",349500
412,Brčanska Malta,94,3,7,8,1984,1,0,0,centralno,renoviran,"3-soban stan, 94 m², Brčanska Malta. Kompletno renoviran. Zgrada ima lift.",282500
413,Solana,78,3,0,4,1974,0,0,1,centralno,renoviran,"3-soban stan, 78 m², Solana. Kompletno renoviran.",269000
414,Mejdan,39,2,5,9,2008,1,0,0,centralno,useljiv,"2-soban stan, 39 m², Mejdan. Prelijep pogled na grad. Blizu škole i prodavnice. Zgrada ima lift.",196000
415,Mejdan,64,3,4,5,1973,0,1,1,centralno,za renoviranje,"3-soban stan, 64 m², Mejdan. Potrebno renoviranje. Blizu škole i prodavnice.",140000
416,Kula,55,3,3,5,1973,0,1,1,plin,useljiv,"3-soban stan, 55 m², Kula.",173500
417,Gornja Tuzla,62,3,4,6,2018,1,0,1,centralno,useljiv,"3-soban stan, 62 m², Gornja Tuzla. Blizu škole i prodavnice.",239500
418,Slatina,56,3,4,6,2009,1,0,1,centralno,useljiv,"3-soban stan, 56 m², Slatina. Zgrada ima lift.",243000
419,Brčanska Malta,72,3,1,7,2005,1,0,1,struja,renoviran,"3-soban stan, 72 m², Brčanska Malta. Kompletno renoviran.",303000
420,Stupine,52,2,1,7,2021,1,1,1,plin,renoviran,"2-soban stan, 52 m², Stupine. Kompletno renoviran. Zgrada ima lift.",338000
421,Batva,81,4,4,5,2021,1,1,1,struja,useljiv,"4-soban stan, 81 m², Batva. Prelijep pogled na grad.",432000
422,Simin Han,65,2,3,10,1979,0,0,0,centralno,useljiv,"2-soban stan, 65 m², Simin Han.",188000
423,Centar,54,2,4,5,2026,1,0,1,plin,novogradnja,"2-soban stan, 54 m², Centar. Novogradnja, prvi vlasnik. Prelijep pogled na grad.",446500
424,Kula,58,3,6,8,1994,1,0,1,centralno,useljiv,"3-soban stan, 58 m², Kula.",226000
425,Centar,51,2,10,10,1998,1,0,1,plin,useljiv,"2-soban stan, 51 m², Centar.",253000
426,Solana,80,3,5,9,1971,1,0,1,centralno,useljiv,"3-soban stan, 80 m², Solana. Zgrada ima lift.",274000
427,Sjenjak,55,3,1,3,1989,0,0,1,struja,renoviran,"3-soban stan, 55 m², Sjenjak. Kompletno renoviran. Prelijep pogled na grad. Blizu škole i prodavnice.",251500
428,Mejdan,67,3,1,8,1993,1,1,0,centralno,useljiv,"3-soban stan, 67 m², Mejdan. Prelijep pogled na grad. Zgrada ima lift.",297500
429,Kula,52,1,6,10,1964,1,0,1,plin,renoviran,"1-soban stan, 52 m², Kula. Kompletno renoviran. Blizu škole i prodavnice. Zgrada ima lift.",189500
430,Batva,36,1,5,5,2012,0,1,1,centralno,useljiv,"1-soban stan, 36 m², Batva.",162000
431,Simin Han,82,3,9,10,1985,1,0,1,centralno,useljiv,"3-soban stan, 82 m², Simin Han. Zgrada ima lift.",236000
432,Centar,41,2,3,8,2006,1,0,1,plin,renoviran,"2-soban stan, 41 m², Centar. Kompletno renoviran. Blizu škole i prodavnice. Zgrada ima lift.",191000
433,Batva,76,3,9,10,2009,0,0,1,centralno,za renoviranje,"3-soban stan, 76 m², Batva. Potrebno renoviranje. Prelijep pogled na grad.",246500
434,Batva,70,4,1,4,1994,0,1,1,plin,useljiv,"4-soban stan, 70 m², Batva. Blizu škole i prodavnice.",308000
435,Solana,34,2,4,6,1968,1,0,0,plin,renoviran,"2-soban stan, 34 m², Solana. Kompletno renoviran.",131500
436,Centar,43,1,0,3,1999,0,1,0,centralno,useljiv,"1-soban stan, 43 m², Centar.",220500
437,Sjenjak,50,2,7,7,1989,0,0,1,centralno,useljiv,"2-soban stan, 50 m², Sjenjak. Blizu škole i prodavnice.",169500
438,Brčanska Malta,45,1,5,5,2011,0,1,1,plin,renoviran,"1-soban stan, 45 m², Brčanska Malta. Kompletno renoviran.",187500
439,Batva,40,2,3,11,2012,1,1,1,struja,useljiv,"2-soban stan, 40 m², Batva. Blizu škole i prodavnice.",189000
440,Centar,78,3,7,9,1984,0,1,1,struja,useljiv,"3-soban stan, 78 m², Centar.",301000
441,Brčanska Malta,55,2,8,12,2012,1,1,0,plin,za renoviranje,"2-soban stan, 55 m², Brčanska Malta. Potrebno renoviranje.",266500
442,Stupine,69,2,1,4,1972,1,0,0,centralno,renoviran,"2-soban stan, 69 m², Stupine. Kompletno renoviran.",271500
443,Stupine,52,2,3,5,2022,1,0,1,struja,za renoviranje,"2-soban stan, 52 m², Stupine. Potrebno renoviranje.",233000
444,Kreka,67,3,2,12,2023,1,0,0,centralno,novogradnja,"3-soban stan, 67 m², Kreka. Novogradnja, prvi vlasnik. Zgrada ima lift.",356500
445,Stupine,46,2,9,9,2025,1,0,1,centralno,novogradnja,"2-soban stan, 46 m², Stupine. Novogradnja, prvi vlasnik.",308500
446,Sjenjak,59,3,6,7,2017,1,1,0,centralno,useljiv,"3-soban stan, 59 m², Sjenjak.",328500
447,Simin Han,74,2,0,6,1988,1,1,1,plin,renoviran,"2-soban stan, 74 m², Simin Han. Kompletno renoviran. HITNO, cijena po dogovoru! Zgrada ima lift.",212000
448,Kula,61,3,1,8,2026,1,1,1,struja,novogradnja,"3-soban stan, 61 m², Kula. Novogradnja, prvi vlasnik.",324500
449,Batva,51,2,0,5,1992,0,0,0,centralno,useljiv,"2-soban stan, 51 m², Batva.",185500
450,Gornja Tuzla,41,2,5,10,1975,1,0,1,centralno,useljiv,"2-soban stan, 41 m², Gornja Tuzla. Blizu škole i prodavnice.",118000
451,Sjenjak,64,3,1,3,1996,0,0,1,centralno,renoviran,"3-soban stan, 64 m², Sjenjak. Kompletno renoviran. Prelijep pogled na grad. Blizu škole i prodavnice.",322000
452,Brčanska Malta,68,3,4,6,2022,1,1,0,centralno,renoviran,"3-soban stan, 68 m², Brčanska Malta. Kompletno renoviran. Blizu škole i prodavnice.",359500
453,Gornja Tuzla,55,2,8,12,2005,0,0,0,centralno,useljiv,"2-soban stan, 55 m², Gornja Tuzla. Prelijep pogled na grad.",164000
454,Kula,46,2,7,7,2022,1,1,1,centralno,useljiv,"2-soban stan, 46 m², Kula. Blizu škole i prodavnice. Zgrada ima lift.",214000
455,Brčanska Malta,73,2,3,4,1962,0,1,1,centralno,renoviran,"2-soban stan, 73 m², Brčanska Malta. Kompletno renoviran. Blizu škole i prodavnice.",278500
456,Mejdan,143,5,8,12,2026,1,0,1,centralno,novogradnja,"5-soban stan, 143 m², Mejdan. Novogradnja, prvi vlasnik. Blizu škole i prodavnice.",837000
457,Batva,54,2,6,9,2024,1,1,1,struja,novogradnja,"2-soban stan, 54 m², Batva. Novogradnja, prvi vlasnik.",294000
458,Mejdan,68,3,0,8,1984,1,0,1,struja,renoviran,"3-soban stan, 68 m², Mejdan. Kompletno renoviran.",226500
459,Simin Han,68,2,0,4,2026,1,1,1,plin,novogradnja,"2-soban stan, 68 m², Simin Han. Novogradnja, prvi vlasnik.",318500
460,Mejdan,24,1,4,8,1974,1,1,1,centralno,useljiv,"1-soban stan, 24 m², Mejdan.",100000
461,Sjenjak,63,3,0,9,1985,1,0,0,plin,useljiv,"3-soban stan, 63 m², Sjenjak.",198000
462,Simin Han,47,3,6,6,1975,1,0,1,struja,renoviran,"3-soban stan, 47 m², Simin Han. Kompletno renoviran. Blizu škole i prodavnice.",129000
463,Sjenjak,97,5,2,11,2012,0,1,1,plin,za renoviranje,"5-soban stan, 97 m², Sjenjak. Potrebno renoviranje. Blizu škole i prodavnice.",383500
464,Slatina,55,3,1,4,2026,1,1,1,struja,novogradnja,"3-soban stan, 55 m², Slatina. Novogradnja, prvi vlasnik. Zgrada ima lift.",341500
465,Gornja Tuzla,46,1,5,9,2026,1,0,0,plin,novogradnja,"1-soban stan, 46 m², Gornja Tuzla. Novogradnja, prvi vlasnik.",220000
466,Mejdan,56,2,0,10,1968,1,0,1,centralno,renoviran,"2-soban stan, 56 m², Mejdan. Kompletno renoviran.",190500
467,Gornja Tuzla,64,3,6,9,2015,1,1,1,centralno,useljiv,"3-soban stan, 64 m², Gornja Tuzla. Zgrada ima lift.",247000
468,Simin Han,49,2,0,6,1998,1,0,1,centralno,renoviran,"2-soban stan, 49 m², Simin Han. Kompletno renoviran.",172000
469,Sjenjak,59,3,2,3,1974,1,1,1,struja,useljiv,"3-soban stan, 59 m², Sjenjak. Zgrada ima lift.",202500
470,Kula,37,1,9,10,2022,1,0,0,centralno,renoviran,"1-soban stan, 37 m², Kula. Kompletno renoviran. Zgrada ima lift.",182000
471,Centar,55,3,7,9,1997,1,0,0,centralno,useljiv,"3-soban stan, 55 m², Centar. Zgrada ima lift.",291000
472,Mejdan,79,4,10,10,1967,1,0,0,plin,renoviran,"4-soban stan, 79 m², Mejdan. Kompletno renoviran. Blizu škole i prodavnice. Zgrada ima lift.",278000
473,Kreka,120,5,8,10,1983,1,0,0,centralno,useljiv,"5-soban stan, 120 m², Kreka. Zgrada ima lift.",316500
474,Batva,77,3,3,7,2007,1,1,1,centralno,renoviran,"3-soban stan, 77 m², Batva. Kompletno renoviran. HITNO, cijena po dogovoru! Zgrada ima lift.",335000
475,Batva,66,4,3,9,2014,1,1,0,struja,useljiv,"4-soban stan, 66 m², Batva. Zgrada ima lift.",321500
476,Brčanska Malta,91,3,1,5,1977,0,0,1,centralno,renoviran,"3-soban stan, 91 m², Brčanska Malta. Kompletno renoviran. HITNO, cijena po dogovoru! Blizu škole i prodavnice.",287500
477,Kula,86,4,1,3,1992,0,1,1,centralno,useljiv,"4-soban stan, 86 m², Kula. Blizu škole i prodavnice.",374500
478,Batva,107,5,1,4,1961,0,0,0,plin,za renoviranje,"5-soban stan, 107 m², Batva. Potrebno renoviranje. Blizu škole i prodavnice.",285000
479,Mejdan,88,3,5,12,2022,1,0,1,centralno,renoviran,"3-soban stan, 88 m², Mejdan. Kompletno renoviran. Prelijep pogled na grad.",540500
480,Stupine,58,3,1,6,1968,1,0,1,plin,useljiv,"3-soban stan, 58 m², Stupine. Blizu škole i prodavnice.",222500
481,Slatina,66,3,0,8,2024,1,1,1,plin,novogradnja,"3-soban stan, 66 m², Slatina. Novogradnja, prvi vlasnik. Prelijep pogled na grad. Blizu škole i prodavnice.",437500
482,Slatina,64,3,3,6,1997,1,0,0,struja,useljiv,"3-soban stan, 64 m², Slatina. Blizu škole i prodavnice. Zgrada ima lift.",228500
483,Mejdan,67,3,5,7,2012,1,1,1,centralno,useljiv,"3-soban stan, 67 m², Mejdan. Zgrada ima lift.",340500
484,Solana,64,4,2,5,2005,1,0,0,centralno,useljiv,"4-soban stan, 64 m², Solana. Blizu škole i prodavnice.",293000
485,Slatina,46,2,3,7,1984,0,0,0,plin,renoviran,"2-soban stan, 46 m², Slatina. Kompletno renoviran.",181000
486,Sjenjak,29,1,4,8,1983,0,0,1,centralno,renoviran,"1-soban stan, 29 m², Sjenjak. Kompletno renoviran. HITNO, cijena po dogovoru!",96500
487,Mejdan,47,2,1,8,1977,1,0,1,struja,useljiv,"2-soban stan, 47 m², Mejdan. Blizu škole i prodavnice.",156500
488,Batva,30,1,0,7,1973,1,0,1,struja,za renoviranje,"1-soban stan, 30 m², Batva. Potrebno renoviranje.",74000
489,Solana,61,2,7,8,1966,1,0,1,struja,useljiv,"2-soban stan, 61 m², Solana. Blizu škole i prodavnice.",207000
490,Kreka,60,4,10,10,1975,1,0,1,centralno,renoviran,"4-soban stan, 60 m², Kreka. Kompletno renoviran. Zgrada ima lift.",214000
491,Mejdan,33,1,7,11,2012,1,1,1,plin,useljiv,"1-soban stan, 33 m², Mejdan. Prelijep pogled na grad. Blizu škole i prodavnice.",224500
492,Slatina,76,3,5,7,1999,1,0,1,plin,useljiv,"3-soban stan, 76 m², Slatina. Prelijep pogled na grad. Zgrada ima lift.",359500
493,Kreka,81,3,6,7,1994,0,0,1,plin,useljiv,"3-soban stan, 81 m², Kreka. Blizu škole i prodavnice.",224500
494,Sjenjak,62,2,5,9,1999,1,0,1,centralno,renoviran,"2-soban stan, 62 m², Sjenjak. Kompletno renoviran.",277000
495,Kula,108,3,5,7,2021,1,0,0,centralno,useljiv,"3-soban stan, 108 m², Kula. Zgrada ima lift.",471000
496,Centar,116,5,10,12,2019,1,0,0,centralno,renoviran,"5-soban stan, 116 m², Centar. Kompletno renoviran. Prelijep pogled na grad. Blizu škole i prodavnice. Zgrada ima lift.",762000
497,Kreka,39,1,4,4,1975,0,0,1,centralno,za renoviranje,"1-soban stan, 39 m², Kreka. Potrebno renoviranje.",95000
498,Slatina,86,3,0,3,1991,0,0,1,plin,za renoviranje,"3-soban stan, 86 m², Slatina. Potrebno renoviranje. Blizu škole i prodavnice.",301000
499,Sjenjak,70,3,10,10,2024,1,1,1,centralno,novogradnja,"3-soban stan, 70 m², Sjenjak. Novogradnja, prvi vlasnik. Prelijep pogled na grad. Blizu škole i prodavnice. Zgrada ima lift.",386000
500,Stupine,69,2,5,9,1979,1,0,1,centralno,useljiv,"2-soban stan, 69 m², Stupine.",242500
501,Mejdan,83,3,7,7,2004,1,0,0,plin,renoviran,"3-soban stan, 83 m², Mejdan. Kompletno renoviran. Blizu škole i prodavnice. Zgrada ima lift.",362000
502,Gornja Tuzla,47,2,2,7,2012,1,0,0,centralno,useljiv,"2-soban stan, 47 m², Gornja Tuzla. Zgrada ima lift.",200500
503,Gornja Tuzla,49,3,2,6,2008,1,0,1,plin,useljiv,"3-soban stan, 49 m², Gornja Tuzla. Zgrada ima lift.",165000
504,Sjenjak,45,2,3,5,1991,1,1,1,centralno,useljiv,"2-soban stan, 45 m², Sjenjak. Blizu škole i prodavnice.",230000
505,Simin Han,46,2,6,12,2008,1,0,1,struja,useljiv,"2-soban stan, 46 m², Simin Han. HITNO, cijena po dogovoru! Blizu škole i prodavnice. Zgrada ima lift.",145000
506,Sjenjak,58,2,3,3,1986,1,0,1,plin,useljiv,"2-soban stan, 58 m², Sjenjak. Blizu škole i prodavnice.",230000
507,Mejdan,36,1,0,5,2025,1,1,1,centralno,novogradnja,"1-soban stan, 36 m², Mejdan. Novogradnja, prvi vlasnik. Blizu škole i prodavnice. Zgrada ima lift.",211500
508,Batva,42,1,0,3,1996,0,0,1,centralno,useljiv,"1-soban stan, 42 m², Batva. Prelijep pogled na grad.",168000
509,Stupine,73,3,0,5,1985,0,0,1,struja,za renoviranje,"3-soban stan, 73 m², Stupine. Potrebno renoviranje. Blizu škole i prodavnice.",167500
510,Slatina,59,2,1,5,1996,0,0,1,struja,useljiv,"2-soban stan, 59 m², Slatina.",262500
511,Kula,69,3,1,9,2005,1,1,0,centralno,renoviran,"3-soban stan, 69 m², Kula. Kompletno renoviran. Blizu škole i prodavnice. Zgrada ima lift.",298500
512,Simin Han,31,1,4,11,2026,1,0,1,plin,novogradnja,"1-soban stan, 31 m², Simin Han. Novogradnja, prvi vlasnik.",156500
513,Centar,46,2,4,4,1994,0,0,1,centralno,za renoviranje,"2-soban stan, 46 m², Centar. Potrebno renoviranje.",148500
514,Simin Han,49,1,2,4,1991,0,0,1,plin,renoviran,"1-soban stan, 49 m², Simin Han. Kompletno renoviran. Blizu škole i prodavnice.",202000
515,Gornja Tuzla,61,3,4,7,1988,1,0,1,plin,za renoviranje,"3-soban stan, 61 m², Gornja Tuzla. Potrebno renoviranje. Prelijep pogled na grad. Zgrada ima lift.",177000
516,Sjenjak,49,1,4,4,1983,0,0,0,centralno,useljiv,"1-soban stan, 49 m², Sjenjak.",136500
517,Centar,83,3,0,4,1973,0,1,1,centralno,useljiv,"3-soban stan, 83 m², Centar.",354000
518,Kula,59,2,7,9,1994,0,1,0,centralno,renoviran,"2-soban stan, 59 m², Kula. Kompletno renoviran.",192500
519,Stupine,60,2,9,10,2022,1,1,0,plin,useljiv,"2-soban stan, 60 m², Stupine.",416500
520,Brčanska Malta,60,3,2,4,1996,0,1,1,centralno,useljiv,"3-soban stan, 60 m², Brčanska Malta.",246500
521,Mejdan,77,4,0,3,1973,0,0,0,plin,useljiv,"4-soban stan, 77 m², Mejdan. Blizu škole i prodavnice.",228000
522,Brčanska Malta,51,2,0,4,1961,0,1,1,plin,useljiv,"2-soban stan, 51 m², Brčanska Malta. Blizu škole i prodavnice.",150500
523,Stupine,89,4,6,12,2014,1,0,0,plin,za renoviranje,"4-soban stan, 89 m², Stupine. Potrebno renoviranje. Zgrada ima lift.",412000
524,Sjenjak,70,3,4,8,1973,1,0,0,centralno,useljiv,"3-soban stan, 70 m², Sjenjak. HITNO, cijena po dogovoru! Zgrada ima lift.",222500
525,Batva,63,3,9,11,2009,1,0,1,struja,za renoviranje,"3-soban stan, 63 m², Batva. Potrebno renoviranje. Blizu škole i prodavnice.",202000
526,Brčanska Malta,61,2,3,7,2021,1,1,1,centralno,useljiv,"2-soban stan, 61 m², Brčanska Malta. Prelijep pogled na grad.",302500
527,Stupine,72,3,1,11,2023,1,1,1,struja,novogradnja,"3-soban stan, 72 m², Stupine. Novogradnja, prvi vlasnik. Zgrada ima lift.",389500
528,Solana,86,3,1,10,1991,1,0,1,centralno,za renoviranje,"3-soban stan, 86 m², Solana. Potrebno renoviranje. Prelijep pogled na grad. Blizu škole i prodavnice.",336500
529,Slatina,84,3,4,12,2024,1,1,1,plin,novogradnja,"3-soban stan, 84 m², Slatina. Novogradnja, prvi vlasnik. HITNO, cijena po dogovoru! Blizu škole i prodavnice.",567000
530,Slatina,68,3,3,3,1985,0,0,1,struja,renoviran,"3-soban stan, 68 m², Slatina. Kompletno renoviran.",266500
531,Stupine,82,3,1,6,2026,1,1,1,plin,novogradnja,"3-soban stan, 82 m², Stupine. Novogradnja, prvi vlasnik. Blizu škole i prodavnice.",566000
532,Centar,63,3,7,8,2005,1,1,1,plin,renoviran,"3-soban stan, 63 m², Centar. Kompletno renoviran. Blizu škole i prodavnice.",363000
533,Mejdan,93,4,2,3,1965,1,0,1,struja,za renoviranje,"4-soban stan, 93 m², Mejdan. Potrebno renoviranje.",231000
534,Simin Han,59,1,7,12,2018,1,1,0,centralno,useljiv,"1-soban stan, 59 m², Simin Han.",319500
535,Kula,29,1,5,6,1972,1,1,1,centralno,useljiv,"1-soban stan, 29 m², Kula. Zgrada ima lift.",113500
536,Stupine,96,5,2,10,2021,1,0,1,centralno,useljiv,"5-soban stan, 96 m², Stupine. Blizu škole i prodavnice.",463000
537,Stupine,62,3,2,8,1968,1,0,1,plin,useljiv,"3-soban stan, 62 m², Stupine. HITNO, cijena po dogovoru! Zgrada ima lift.",246500
538,Slatina,40,2,6,10,2011,1,1,1,centralno,za renoviranje,"2-soban stan, 40 m², Slatina. Potrebno renoviranje.",212500
539,Simin Han,56,2,3,4,1972,1,0,0,plin,renoviran,"2-soban stan, 56 m², Simin Han. Kompletno renoviran. Blizu škole i prodavnice. Zgrada ima lift.",178000
540,Sjenjak,44,1,1,4,1992,0,0,1,centralno,za renoviranje,"1-soban stan, 44 m², Sjenjak. Potrebno renoviranje. Prelijep pogled na grad.",161500
541,Kreka,125,5,1,5,1985,0,0,0,centralno,za renoviranje,"5-soban stan, 125 m², Kreka. Potrebno renoviranje.",289500
542,Brčanska Malta,71,3,5,7,2020,1,1,1,centralno,renoviran,"3-soban stan, 71 m², Brčanska Malta. Kompletno renoviran. Blizu škole i prodavnice. Zgrada ima lift.",395500
543,Brčanska Malta,35,2,0,4,1976,0,0,0,struja,renoviran,"2-soban stan, 35 m², Brčanska Malta. Kompletno renoviran. Blizu škole i prodavnice.",121500
544,Simin Han,73,3,0,12,2009,1,0,0,centralno,useljiv,"3-soban stan, 73 m², Simin Han. HITNO, cijena po dogovoru! Zgrada ima lift.",194000
545,Simin Han,52,2,3,8,2026,1,1,1,centralno,novogradnja,"2-soban stan, 52 m², Simin Han. Novogradnja, prvi vlasnik. Zgrada ima lift.",280000
546,Slatina,117,5,3,4,1962,0,0,1,centralno,renoviran,"5-soban stan, 117 m², Slatina. Kompletno renoviran.",419500
547,Stupine,42,1,3,10,2011,1,0,1,plin,useljiv,"1-soban stan, 42 m², Stupine. Blizu škole i prodavnice.",216500
548,Mejdan,27,1,5,9,1964,1,1,0,centralno,useljiv,"1-soban stan, 27 m², Mejdan. Zgrada ima lift.",123000
549,Sjenjak,61,3,2,9,2018,1,1,1,plin,za renoviranje,"3-soban stan, 61 m², Sjenjak. Potrebno renoviranje.",281000
550,Stupine,53,3,11,11,2017,1,1,1,centralno,useljiv,"3-soban stan, 53 m², Stupine. Blizu škole i prodavnice.",296000
551,Sjenjak,52,2,3,6,1971,0,1,0,struja,za renoviranje,"2-soban stan, 52 m², Sjenjak. Potrebno renoviranje.",154000
552,Brčanska Malta,28,2,3,5,2024,1,1,1,centralno,novogradnja,"2-soban stan, 28 m², Brčanska Malta. Novogradnja, prvi vlasnik. Zgrada ima lift.",195500
553,Stupine,70,3,7,8,1987,1,0,1,plin,za renoviranje,"3-soban stan, 70 m², Stupine. Potrebno renoviranje.",255500
554,Stupine,108,4,5,6,1977,1,0,1,centralno,renoviran,"4-soban stan, 108 m², Stupine. Kompletno renoviran. Prelijep pogled na grad. Zgrada ima lift.",390500
555,Stupine,31,1,6,9,2025,1,1,0,centralno,novogradnja,"1-soban stan, 31 m², Stupine. Novogradnja, prvi vlasnik. Prelijep pogled na grad. Blizu škole i prodavnice. Zgrada ima lift.",256000
556,Slatina,90,4,1,8,1981,0,0,0,centralno,useljiv,"4-soban stan, 90 m², Slatina.",362000
557,Solana,49,2,10,10,1978,1,1,0,plin,renoviran,"2-soban stan, 49 m², Solana. Kompletno renoviran. Prelijep pogled na grad. Blizu škole i prodavnice. Zgrada ima lift.",165500
558,Centar,137,5,6,10,1982,1,0,0,centralno,za renoviranje,"5-soban stan, 137 m², Centar. Potrebno renoviranje.",500500
559,Stupine,70,3,4,9,2020,1,0,1,plin,useljiv,"3-soban stan, 70 m², Stupine.",356500
560,Stupine,56,2,1,4,2026,1,1,1,centralno,novogradnja,"2-soban stan, 56 m², Stupine. Novogradnja, prvi vlasnik. Blizu škole i prodavnice. Zgrada ima lift.",362000
561,Sjenjak,88,3,2,5,1988,0,1,1,centralno,useljiv,"3-soban stan, 88 m², Sjenjak.",403500
562,Centar,72,4,3,3,1981,0,1,0,centralno,renoviran,"4-soban stan, 72 m², Centar. Kompletno renoviran.",320500
563,Sjenjak,49,2,2,5,1995,0,0,1,plin,za renoviranje,"2-soban stan, 49 m², Sjenjak. Potrebno renoviranje.",190000
564,Stupine,77,3,5,5,2021,1,1,1,struja,za renoviranje,"3-soban stan, 77 m², Stupine. Potrebno renoviranje. Blizu škole i prodavnice.",361500
565,Slatina,50,1,7,7,1966,1,0,0,centralno,useljiv,"1-soban stan, 50 m², Slatina.",157000
566,Simin Han,32,2,2,9,2017,1,1,1,centralno,renoviran,"2-soban stan, 32 m², Simin Han. Kompletno renoviran. Zgrada ima lift.",188000
567,Stupine,122,5,3,5,2020,1,1,1,centralno,renoviran,"5-soban stan, 122 m², Stupine. Kompletno renoviran. Blizu škole i prodavnice. Zgrada ima lift.",663000
568,Brčanska Malta,53,2,3,5,1981,1,0,0,plin,za renoviranje,"2-soban stan, 53 m², Brčanska Malta. Potrebno renoviranje. Blizu škole i prodavnice.",155000
569,Mejdan,48,2,4,4,1989,1,0,1,plin,renoviran,"2-soban stan, 48 m², Mejdan. Kompletno renoviran. Blizu škole i prodavnice. Zgrada ima lift.",189500
570,Mejdan,68,3,0,8,2026,1,1,0,centralno,novogradnja,"3-soban stan, 68 m², Mejdan. Novogradnja, prvi vlasnik. Zgrada ima lift.",326500
571,Gornja Tuzla,35,2,1,5,1984,0,1,1,centralno,renoviran,"2-soban stan, 35 m², Gornja Tuzla. Kompletno renoviran.",135000
572,Stupine,37,2,2,4,1983,0,0,0,centralno,renoviran,"2-soban stan, 37 m², Stupine. Kompletno renoviran.",168000
573,Kreka,50,3,5,5,2022,1,1,1,centralno,useljiv,"3-soban stan, 50 m², Kreka. Blizu škole i prodavnice.",219000
574,Kreka,50,2,7,7,1989,1,0,1,plin,useljiv,"2-soban stan, 50 m², Kreka. Zgrada ima lift.",162000
575,Brčanska Malta,62,2,6,9,2010,1,1,1,plin,useljiv,"2-soban stan, 62 m², Brčanska Malta.",293000
576,Centar,89,3,0,5,1979,0,1,1,centralno,za renoviranje,"3-soban stan, 89 m², Centar. Potrebno renoviranje.",311500
577,Brčanska Malta,51,1,2,9,2010,1,0,0,plin,za renoviranje,"1-soban stan, 51 m², Brčanska Malta. Potrebno renoviranje. Zgrada ima lift.",182500
578,Brčanska Malta,71,3,5,7,1988,1,0,0,centralno,za renoviranje,"3-soban stan, 71 m², Brčanska Malta. Potrebno renoviranje. Zgrada ima lift.",250500
579,Simin Han,74,4,4,5,2021,1,1,1,plin,useljiv,"4-soban stan, 74 m², Simin Han.",328500
580,Stupine,41,2,3,5,1988,0,0,0,struja,za renoviranje,"2-soban stan, 41 m², Stupine. Potrebno renoviranje. Blizu škole i prodavnice.",157000
581,Solana,65,2,4,7,2024,1,0,0,centralno,novogradnja,"2-soban stan, 65 m², Solana. Novogradnja, prvi vlasnik. Prelijep pogled na grad.",400500
582,Kreka,43,2,7,7,1991,1,0,1,centralno,useljiv,"2-soban stan, 43 m², Kreka. Zgrada ima lift.",161500
583,Centar,87,3,2,5,2021,1,1,0,struja,useljiv,"3-soban stan, 87 m², Centar.",565000
584,Slatina,70,3,3,8,1981,1,0,0,struja,useljiv,"3-soban stan, 70 m², Slatina.",262000
585,Centar,60,3,7,9,2010,1,1,1,plin,renoviran,"3-soban stan, 60 m², Centar. Kompletno renoviran.",306000
586,Gornja Tuzla,38,2,7,8,1974,1,0,0,centralno,za renoviranje,"2-soban stan, 38 m², Gornja Tuzla. Potrebno renoviranje.",100500
587,Kreka,62,2,4,5,1993,0,1,0,centralno,useljiv,"2-soban stan, 62 m², Kreka. Prelijep pogled na grad. Blizu škole i prodavnice.",194500
588,Solana,46,2,7,12,2007,1,0,0,centralno,useljiv,"2-soban stan, 46 m², Solana. Blizu škole i prodavnice. Zgrada ima lift.",173500
589,Brčanska Malta,77,4,2,3,1978,1,0,1,centralno,useljiv,"4-soban stan, 77 m², Brčanska Malta.",274000
590,Brčanska Malta,58,2,3,3,1994,0,0,1,centralno,useljiv,"2-soban stan, 58 m², Brčanska Malta. Prelijep pogled na grad.",240500
591,Kula,45,2,1,6,2024,1,0,0,centralno,novogradnja,"2-soban stan, 45 m², Kula. Novogradnja, prvi vlasnik. Zgrada ima lift.",228500
592,Batva,83,3,8,9,1976,1,0,1,struja,za renoviranje,"3-soban stan, 83 m², Batva. Potrebno renoviranje. Zgrada ima lift.",207500
593,Solana,77,2,3,4,1986,0,0,1,centralno,useljiv,"2-soban stan, 77 m², Solana.",305500
594,Brčanska Malta,49,2,3,5,2021,1,0,0,plin,useljiv,"2-soban stan, 49 m², Brčanska Malta. Blizu škole i prodavnice.",236500
595,Slatina,90,4,6,6,1986,1,0,1,centralno,za renoviranje,"4-soban stan, 90 m², Slatina. Potrebno renoviranje. Blizu škole i prodavnice.",343500
596,Sjenjak,54,2,2,6,1968,1,0,0,centralno,useljiv,"2-soban stan, 54 m², Sjenjak. Zgrada ima lift.",187500
597,Centar,54,2,4,7,1996,1,1,1,struja,useljiv,"2-soban stan, 54 m², Centar. HITNO, cijena po dogovoru!",229500
598,Kula,63,2,5,9,1989,1,0,0,centralno,useljiv,"2-soban stan, 63 m², Kula.",216500
599,Kula,46,2,2,7,2026,1,1,1,centralno,novogradnja,"2-soban stan, 46 m², Kula. Novogradnja, prvi vlasnik.",257000
600,Mejdan,51,3,7,9,2010,1,0,0,plin,renoviran,"3-soban stan, 51 m², Mejdan. Kompletno renoviran. Zgrada ima lift.",214000
601,Kreka,57,2,4,5,2016,1,1,1,struja,za renoviranje,"2-soban stan, 57 m², Kreka. Potrebno renoviranje.",217500
602,Simin Han,103,3,7,8,1988,1,1,1,centralno,za renoviranje,"3-soban stan, 103 m², Simin Han. Potrebno renoviranje. HITNO, cijena po dogovoru! Blizu škole i prodavnice.",245500
603,Slatina,101,5,8,9,2025,1,1,0,plin,novogradnja,"5-soban stan, 101 m², Slatina. Novogradnja, prvi vlasnik.",688000
604,Centar,55,3,3,4,2014,1,1,0,centralno,renoviran,"3-soban stan, 55 m², Centar. Kompletno renoviran. Blizu škole i prodavnice.",396500
605,Stupine,105,5,3,5,1962,0,0,0,plin,useljiv,"5-soban stan, 105 m², Stupine.",343500
606,Stupine,59,3,5,10,2004,1,0,1,plin,za renoviranje,"3-soban stan, 59 m², Stupine. Potrebno renoviranje.",222500
607,Slatina,69,4,4,7,2026,1,1,1,plin,novogradnja,"4-soban stan, 69 m², Slatina. Novogradnja, prvi vlasnik. Prelijep pogled na grad. HITNO, cijena po dogovoru! Blizu škole i prodavnice. Zgrada ima lift.",488500
608,Sjenjak,82,3,0,4,2008,0,0,1,struja,useljiv,"3-soban stan, 82 m², Sjenjak.",314000
609,Kreka,66,3,8,11,2026,1,1,1,plin,novogradnja,"3-soban stan, 66 m², Kreka. Novogradnja, prvi vlasnik.",291000
610,Slatina,140,5,0,3,1978,0,1,0,plin,useljiv,"5-soban stan, 140 m², Slatina. Blizu škole i prodavnice.",420000
611,Kreka,65,2,2,5,1999,0,0,1,centralno,za renoviranje,"2-soban stan, 65 m², Kreka. Potrebno renoviranje. Blizu škole i prodavnice.",209000
612,Kula,39,1,5,8,1994,1,0,0,centralno,renoviran,"1-soban stan, 39 m², Kula. Kompletno renoviran.",185000
613,Kreka,95,4,4,8,1975,0,0,1,struja,useljiv,"4-soban stan, 95 m², Kreka. Prelijep pogled na grad.",219500
614,Mejdan,52,2,3,9,2014,0,1,1,centralno,useljiv,"2-soban stan, 52 m², Mejdan.",256500
615,Centar,54,2,10,10,1981,1,1,1,struja,za renoviranje,"2-soban stan, 54 m², Centar. Potrebno renoviranje. Blizu škole i prodavnice.",195000
616,Simin Han,24,2,8,12,2005,1,1,1,centralno,useljiv,"2-soban stan, 24 m², Simin Han. Prelijep pogled na grad. Blizu škole i prodavnice. Zgrada ima lift.",109500
617,Stupine,85,3,5,12,2014,1,0,1,centralno,useljiv,"3-soban stan, 85 m², Stupine. Zgrada ima lift.",495500
618,Stupine,80,3,6,11,2006,1,0,1,centralno,za renoviranje,"3-soban stan, 80 m², Stupine. Potrebno renoviranje. Blizu škole i prodavnice.",330500
619,Simin Han,79,3,3,10,1967,1,0,1,plin,renoviran,"3-soban stan, 79 m², Simin Han. Kompletno renoviran.",251000
620,Kula,85,3,3,8,1968,1,0,1,centralno,useljiv,"3-soban stan, 85 m², Kula. Blizu škole i prodavnice.",295500
621,Stupine,108,5,3,9,2018,1,1,1,struja,renoviran,"5-soban stan, 108 m², Stupine. Kompletno renoviran. Blizu škole i prodavnice. Zgrada ima lift.",635000
622,Slatina,59,3,1,6,2007,1,0,1,centralno,renoviran,"3-soban stan, 59 m², Slatina. Kompletno renoviran.",313500
623,Solana,83,3,1,3,1979,0,0,0,centralno,renoviran,"3-soban stan, 83 m², Solana. Kompletno renoviran.",274500
624,Slatina,46,3,6,7,1978,1,0,1,plin,renoviran,"3-soban stan, 46 m², Slatina. Kompletno renoviran. HITNO, cijena po dogovoru! Blizu škole i prodavnice. Zgrada ima lift.",163500
625,Kula,53,2,3,3,1984,0,1,0,centralno,useljiv,"2-soban stan, 53 m², Kula. Blizu škole i prodavnice.",152000
626,Stupine,87,4,2,9,1979,1,1,1,centralno,useljiv,"4-soban stan, 87 m², Stupine. Blizu škole i prodavnice.",365500
627,Gornja Tuzla,69,2,5,5,2026,1,0,0,struja,novogradnja,"2-soban stan, 69 m², Gornja Tuzla. Novogradnja, prvi vlasnik.",276500
628,Centar,38,1,4,6,1977,1,1,1,centralno,useljiv,"1-soban stan, 38 m², Centar.",187500
629,Sjenjak,68,2,7,7,2026,1,1,1,plin,novogradnja,"2-soban stan, 68 m², Sjenjak. Novogradnja, prvi vlasnik. Blizu škole i prodavnice. Zgrada ima lift.",379500
630,Centar,56,2,1,11,2012,1,0,1,centralno,renoviran,"2-soban stan, 56 m², Centar. Kompletno renoviran. Blizu škole i prodavnice.",371000
631,Batva,45,2,0,5,1998,0,1,1,plin,useljiv,"2-soban stan, 45 m², Batva. Prelijep pogled na grad.",185500
632,Gornja Tuzla,70,3,4,4,2006,0,0,0,plin,useljiv,"3-soban stan, 70 m², Gornja Tuzla.",167000
633,Centar,52,1,4,6,2009,1,0,1,centralno,za renoviranje,"1-soban stan, 52 m², Centar. Potrebno renoviranje. Zgrada ima lift.",244500
634,Slatina,35,1,0,3,1972,0,0,0,centralno,renoviran,"1-soban stan, 35 m², Slatina. Kompletno renoviran.",144000
635,Simin Han,41,1,3,9,1987,1,0,1,centralno,useljiv,"1-soban stan, 41 m², Simin Han. Blizu škole i prodavnice. Zgrada ima lift.",149000
636,Brčanska Malta,111,5,5,9,1963,1,0,1,struja,useljiv,"5-soban stan, 111 m², Brčanska Malta. Zgrada ima lift.",346000
637,Slatina,35,1,0,4,1963,0,0,1,centralno,useljiv,"1-soban stan, 35 m², Slatina.",134000
638,Brčanska Malta,65,2,8,9,2020,1,0,1,centralno,renoviran,"2-soban stan, 65 m², Brčanska Malta. Kompletno renoviran. Zgrada ima lift.",341000
639,Sjenjak,74,3,0,5,2016,1,1,1,centralno,renoviran,"3-soban stan, 74 m², Sjenjak. Kompletno renoviran. Prelijep pogled na grad. Zgrada ima lift.",420500
640,Kreka,75,4,1,7,2012,1,1,1,centralno,useljiv,"4-soban stan, 75 m², Kreka. Blizu škole i prodavnice.",377500
641,Slatina,39,1,3,9,1967,1,0,1,centralno,useljiv,"1-soban stan, 39 m², Slatina. Prelijep pogled na grad. HITNO, cijena po dogovoru! Blizu škole i prodavnice.",173000
642,Simin Han,54,2,3,4,1992,1,0,0,centralno,useljiv,"2-soban stan, 54 m², Simin Han.",213000
643,Brčanska Malta,63,2,0,5,2011,0,1,1,centralno,renoviran,"2-soban stan, 63 m², Brčanska Malta. Kompletno renoviran.",269500
644,Simin Han,79,4,2,5,1986,1,0,1,centralno,useljiv,"4-soban stan, 79 m², Simin Han. Prelijep pogled na grad. Blizu škole i prodavnice. Zgrada ima lift.",302500
645,Mejdan,48,2,3,5,1985,0,0,1,centralno,useljiv,"2-soban stan, 48 m², Mejdan.",175000
646,Kula,40,2,6,6,2006,1,0,0,plin,za renoviranje,"2-soban stan, 40 m², Kula. Potrebno renoviranje. Blizu škole i prodavnice. Zgrada ima lift.",118500
647,Kula,85,4,1,3,1968,0,0,0,plin,renoviran,"4-soban stan, 85 m², Kula. Kompletno renoviran. Blizu škole i prodavnice.",305500
648,Mejdan,88,4,0,4,1985,1,1,1,centralno,renoviran,"4-soban stan, 88 m², Mejdan. Kompletno renoviran. Prelijep pogled na grad.",367000
649,Centar,68,3,1,10,1979,1,0,1,struja,useljiv,"3-soban stan, 68 m², Centar. Zgrada ima lift.",293000
650,Solana,48,2,0,4,1984,0,0,0,centralno,useljiv,"2-soban stan, 48 m², Solana. HITNO, cijena po dogovoru!",143000
651,Kula,69,3,2,5,1997,1,1,1,centralno,useljiv,"3-soban stan, 69 m², Kula.",310500
652,Stupine,62,2,3,6,1987,1,0,1,centralno,useljiv,"2-soban stan, 62 m², Stupine.",304000
653,Simin Han,80,3,7,12,2016,1,1,0,struja,useljiv,"3-soban stan, 80 m², Simin Han. Zgrada ima lift.",332000
654,Slatina,39,1,6,8,2021,1,1,1,centralno,useljiv,"1-soban stan, 39 m², Slatina. Blizu škole i prodavnice. Zgrada ima lift.",261500
655,Sjenjak,62,3,7,9,2009,1,0,1,plin,za renoviranje,"3-soban stan, 62 m², Sjenjak. Potrebno renoviranje. HITNO, cijena po dogovoru!",226500
656,Kreka,57,3,2,4,2016,1,1,1,centralno,useljiv,"3-soban stan, 57 m², Kreka. Zgrada ima lift.",274500
657,Sjenjak,41,2,0,8,1988,1,1,0,plin,renoviran,"2-soban stan, 41 m², Sjenjak. Kompletno renoviran.",166500
658,Slatina,65,4,0,3,1972,0,0,1,centralno,useljiv,"4-soban stan, 65 m², Slatina. Prelijep pogled na grad.",269000
659,Slatina,61,2,11,12,2021,1,0,0,plin,useljiv,"2-soban stan, 61 m², Slatina.",343500
660,Centar,52,2,2,4,1963,0,1,0,centralno,za renoviranje,"2-soban stan, 52 m², Centar. Potrebno renoviranje.",186000
661,Stupine,69,4,5,9,1992,1,0,1,centralno,useljiv,"4-soban stan, 69 m², Stupine. Zgrada ima lift.",307000
662,Slatina,37,1,0,3,1998,0,1,1,centralno,useljiv,"1-soban stan, 37 m², Slatina.",162500
663,Stupine,59,2,8,8,1961,1,0,1,centralno,useljiv,"2-soban stan, 59 m², Stupine.",210000
664,Centar,70,4,6,9,1979,1,0,1,centralno,useljiv,"4-soban stan, 70 m², Centar. Prelijep pogled na grad. Zgrada ima lift.",324000
665,Sjenjak,66,3,2,6,2009,1,0,1,centralno,useljiv,"3-soban stan, 66 m², Sjenjak. Zgrada ima lift.",278000
666,Stupine,87,3,1,4,2014,0,0,1,centralno,useljiv,"3-soban stan, 87 m², Stupine.",511000
667,Simin Han,39,2,0,10,1984,1,1,0,plin,useljiv,"2-soban stan, 39 m², Simin Han.",112000
668,Kreka,35,1,10,10,1998,1,0,0,struja,useljiv,"1-soban stan, 35 m², Kreka.",105500
669,Slatina,65,2,7,7,2004,1,0,1,centralno,renoviran,"2-soban stan, 65 m², Slatina. Kompletno renoviran. Blizu škole i prodavnice. Zgrada ima lift.",321000
670,Batva,70,3,4,9,1997,1,0,1,centralno,za renoviranje,"3-soban stan, 70 m², Batva. Potrebno renoviranje. Zgrada ima lift.",262500
671,Sjenjak,126,5,3,3,1985,0,1,0,plin,renoviran,"5-soban stan, 126 m², Sjenjak. Kompletno renoviran. Blizu škole i prodavnice.",444500
672,Centar,74,3,0,7,1991,1,0,1,centralno,useljiv,"3-soban stan, 74 m², Centar. Zgrada ima lift.",328500
673,Stupine,44,2,4,6,2009,1,1,1,centralno,za renoviranje,"2-soban stan, 44 m², Stupine. Potrebno renoviranje. Prelijep pogled na grad. Zgrada ima lift.",192000
674,Kreka,80,3,0,6,2015,1,1,1,plin,renoviran,"3-soban stan, 80 m², Kreka. Kompletno renoviran. Zgrada ima lift.",321000
675,Sjenjak,45,2,5,5,1994,1,0,1,centralno,za renoviranje,"2-soban stan, 45 m², Sjenjak. Potrebno renoviranje. HITNO, cijena po dogovoru!",159000
676,Gornja Tuzla,36,1,2,7,2011,1,0,1,centralno,renoviran,"1-soban stan, 36 m², Gornja Tuzla. Kompletno renoviran. Zgrada ima lift.",158500
677,Centar,150,5,8,9,1977,1,0,1,plin,useljiv,"5-soban stan, 150 m², Centar.",594500
678,Brčanska Malta,67,3,2,8,1972,1,1,0,struja,za renoviranje,"3-soban stan, 67 m², Brčanska Malta. Potrebno renoviranje.",191500
679,Kreka,77,3,0,9,2019,1,1,1,centralno,renoviran,"3-soban stan, 77 m², Kreka. Kompletno renoviran. Blizu škole i prodavnice.",339000
680,Kreka,73,2,10,10,1979,1,0,0,centralno,useljiv,"2-soban stan, 73 m², Kreka. Blizu škole i prodavnice. Zgrada ima lift.",213000
681,Centar,113,5,3,6,1983,1,0,0,struja,renoviran,"5-soban stan, 113 m², Centar. Kompletno renoviran. HITNO, cijena po dogovoru! Blizu škole i prodavnice. Zgrada ima lift.",361500
682,Batva,66,3,7,9,2024,1,1,1,struja,novogradnja,"3-soban stan, 66 m², Batva. Novogradnja, prvi vlasnik. Zgrada ima lift.",350000
683,Mejdan,92,4,3,5,1974,0,0,1,plin,useljiv,"4-soban stan, 92 m², Mejdan.",275500
684,Simin Han,42,1,2,6,2012,1,0,0,plin,renoviran,"1-soban stan, 42 m², Simin Han. Kompletno renoviran.",192500
685,Centar,37,2,1,9,1977,1,0,1,centralno,za renoviranje,"2-soban stan, 37 m², Centar. Potrebno renoviranje. Zgrada ima lift.",164000
686,Slatina,99,4,2,10,1995,1,0,0,centralno,renoviran,"4-soban stan, 99 m², Slatina. Kompletno renoviran. Zgrada ima lift.",403000
687,Gornja Tuzla,101,5,3,11,2022,1,1,1,centralno,za renoviranje,"5-soban stan, 101 m², Gornja Tuzla. Potrebno renoviranje. Prelijep pogled na grad.",348500
688,Sjenjak,72,3,0,8,2015,1,1,0,centralno,useljiv,"3-soban stan, 72 m², Sjenjak. Prelijep pogled na grad.",330000
689,Sjenjak,65,3,0,7,2021,1,1,1,plin,renoviran,"3-soban stan, 65 m², Sjenjak. Kompletno renoviran.",309000
690,Solana,64,3,1,8,1986,1,0,0,centralno,useljiv,"3-soban stan, 64 m², Solana. Blizu škole i prodavnice.",259000
691,Slatina,47,2,1,7,1993,1,0,1,struja,za renoviranje,"2-soban stan, 47 m², Slatina. Potrebno renoviranje.",192500
692,Centar,103,4,5,7,1975,1,1,1,plin,useljiv,"4-soban stan, 103 m², Centar. Blizu škole i prodavnice.",423500
693,Mejdan,76,3,2,3,1961,0,0,1,centralno,useljiv,"3-soban stan, 76 m², Mejdan. Blizu škole i prodavnice.",288500
694,Stupine,72,3,0,10,2004,1,0,0,struja,renoviran,"3-soban stan, 72 m², Stupine. Kompletno renoviran. Zgrada ima lift.",270500
695,Centar,68,3,6,6,1962,1,0,1,plin,useljiv,"3-soban stan, 68 m², Centar.",275000
696,Batva,87,5,7,8,2026,1,1,1,struja,novogradnja,"5-soban stan, 87 m², Batva. Novogradnja, prvi vlasnik. Zgrada ima lift.",488500
697,Solana,72,3,7,7,1979,1,0,1,centralno,za renoviranje,"3-soban stan, 72 m², Solana. Potrebno renoviranje.",201500
698,Batva,78,3,3,8,2012,1,1,0,centralno,useljiv,"3-soban stan, 78 m², Batva.",394000
699,Brčanska Malta,40,1,4,5,1986,0,0,1,plin,useljiv,"1-soban stan, 40 m², Brčanska Malta.",139500
700,Slatina,72,4,2,3,1999,0,1,1,struja,renoviran,"4-soban stan, 72 m², Slatina. Kompletno renoviran.",386500
701,Batva,129,5,8,8,2006,1,0,1,centralno,za renoviranje,"5-soban stan, 129 m², Batva. Potrebno renoviranje. Blizu škole i prodavnice.",420500
702,Simin Han,50,2,3,4,1976,1,1,0,plin,useljiv,"2-soban stan, 50 m², Simin Han. Blizu škole i prodavnice. Zgrada ima lift.",175000
703,Batva,57,3,3,8,2015,1,1,0,centralno,renoviran,"3-soban stan, 57 m², Batva. Kompletno renoviran. Prelijep pogled na grad.",327500
704,Gornja Tuzla,82,3,0,4,2009,0,0,1,centralno,useljiv,"3-soban stan, 82 m², Gornja Tuzla.",233500
705,Batva,84,4,3,5,1991,1,0,1,centralno,za renoviranje,"4-soban stan, 84 m², Batva. Potrebno renoviranje. HITNO, cijena po dogovoru! Zgrada ima lift.",250500
706,Stupine,75,4,6,8,1992,1,1,1,centralno,renoviran,"4-soban stan, 75 m², Stupine. Kompletno renoviran.",368000
707,Batva,34,1,6,6,1987,1,0,1,struja,renoviran,"1-soban stan, 34 m², Batva. Kompletno renoviran.",136500
708,Sjenjak,72,3,4,4,2026,1,1,1,plin,novogradnja,"3-soban stan, 72 m², Sjenjak. Novogradnja, prvi vlasnik. Zgrada ima lift.",354500
709,Stupine,40,1,0,10,1981,1,0,1,centralno,useljiv,"1-soban stan, 40 m², Stupine.",133000
710,Brčanska Malta,45,1,1,9,1977,1,1,1,centralno,useljiv,"1-soban stan, 45 m², Brčanska Malta. Zgrada ima lift.",199000
711,Gornja Tuzla,73,3,1,6,1998,1,0,1,centralno,useljiv,"3-soban stan, 73 m², Gornja Tuzla. Prelijep pogled na grad. Zgrada ima lift.",262000
712,Stupine,54,3,4,4,2026,1,1,1,centralno,novogradnja,"3-soban stan, 54 m², Stupine. Novogradnja, prvi vlasnik.",353000
713,Batva,80,3,2,12,2023,1,0,1,centralno,novogradnja,"3-soban stan, 80 m², Batva. Novogradnja, prvi vlasnik. Blizu škole i prodavnice. Zgrada ima lift.",447500
714,Simin Han,160,5,4,4,1997,0,1,1,centralno,useljiv,"5-soban stan, 160 m², Simin Han. Blizu škole i prodavnice.",415000
715,Mejdan,79,3,4,4,1981,0,1,1,centralno,za renoviranje,"3-soban stan, 79 m², Mejdan. Potrebno renoviranje.",181000
716,Slatina,77,3,3,5,2011,0,0,1,centralno,renoviran,"3-soban stan, 77 m², Slatina. Kompletno renoviran.",509500
717,Mejdan,44,1,3,4,1999,0,0,1,plin,renoviran,"1-soban stan, 44 m², Mejdan. Kompletno renoviran. Blizu škole i prodavnice.",207000
718,Batva,48,2,9,12,2017,1,0,0,centralno,useljiv,"2-soban stan, 48 m², Batva. Prelijep pogled na grad. HITNO, cijena po dogovoru! Blizu škole i prodavnice.",230500
719,Kula,41,2,4,10,2017,1,1,1,centralno,useljiv,"2-soban stan, 41 m², Kula. Blizu škole i prodavnice. Zgrada ima lift.",208500
720,Batva,50,3,0,5,2005,0,1,1,plin,za renoviranje,"3-soban stan, 50 m², Batva. Potrebno renoviranje.",162500
721,Centar,41,1,3,7,2026,1,1,1,centralno,novogradnja,"1-soban stan, 41 m², Centar. Novogradnja, prvi vlasnik. Blizu škole i prodavnice. Zgrada ima lift.",345500
722,Gornja Tuzla,48,2,2,12,2012,1,1,1,centralno,useljiv,"2-soban stan, 48 m², Gornja Tuzla. HITNO, cijena po dogovoru! Zgrada ima lift.",175500
723,Kreka,56,3,12,12,2022,1,1,0,struja,za renoviranje,"3-soban stan, 56 m², Kreka. Potrebno renoviranje. Blizu škole i prodavnice. Zgrada ima lift.",167000
724,Centar,42,3,9,9,2004,1,0,0,centralno,renoviran,"3-soban stan, 42 m², Centar. Kompletno renoviran. Zgrada ima lift.",208500
725,Stupine,37,1,4,5,1972,0,0,1,centralno,renoviran,"1-soban stan, 37 m², Stupine. Kompletno renoviran. Blizu škole i prodavnice.",136500
726,Stupine,37,1,4,4,1993,0,1,1,centralno,renoviran,"1-soban stan, 37 m², Stupine. Kompletno renoviran.",166500
727,Gornja Tuzla,70,3,5,6,2021,1,1,1,centralno,za renoviranje,"3-soban stan, 70 m², Gornja Tuzla. Potrebno renoviranje. HITNO, cijena po dogovoru!",221000
728,Kreka,61,3,2,10,1985,1,0,0,centralno,renoviran,"3-soban stan, 61 m², Kreka. Kompletno renoviran. HITNO, cijena po dogovoru!",186500
729,Centar,86,3,4,8,1971,1,0,1,centralno,renoviran,"3-soban stan, 86 m², Centar. Kompletno renoviran. Zgrada ima lift.",402000
730,Slatina,86,4,2,4,1981,0,0,1,struja,useljiv,"4-soban stan, 86 m², Slatina. Blizu škole i prodavnice.",339500
731,Stupine,53,2,12,12,2015,1,1,0,struja,useljiv,"2-soban stan, 53 m², Stupine.",272500
732,Sjenjak,76,4,2,6,1973,1,0,0,struja,za renoviranje,"4-soban stan, 76 m², Sjenjak. Potrebno renoviranje. Zgrada ima lift.",235000
733,Kreka,36,2,2,9,1962,1,0,0,centralno,renoviran,"2-soban stan, 36 m², Kreka. Kompletno renoviran.",136500
734,Centar,133,5,1,5,2021,1,1,0,centralno,renoviran,"5-soban stan, 133 m², Centar. Kompletno renoviran.",850500
735,Stupine,91,4,1,8,2024,1,0,1,centralno,novogradnja,"4-soban stan, 91 m², Stupine. Novogradnja, prvi vlasnik. Zgrada ima lift.",542000
736,Sjenjak,56,3,6,7,2019,1,0,1,centralno,useljiv,"3-soban stan, 56 m², Sjenjak.",284500
737,Batva,40,2,6,12,2022,1,1,0,centralno,useljiv,"2-soban stan, 40 m², Batva. Blizu škole i prodavnice. Zgrada ima lift.",194500
738,Simin Han,69,2,3,4,2009,0,0,1,centralno,renoviran,"2-soban stan, 69 m², Simin Han. Kompletno renoviran.",254000
739,Mejdan,31,1,9,9,1991,1,1,1,centralno,za renoviranje,"1-soban stan, 31 m², Mejdan. Potrebno renoviranje. Blizu škole i prodavnice. Zgrada ima lift.",118000
740,Stupine,46,1,0,6,2004,1,0,1,centralno,za renoviranje,"1-soban stan, 46 m², Stupine. Potrebno renoviranje.",163500
741,Slatina,78,3,6,11,2005,1,1,1,centralno,renoviran,"3-soban stan, 78 m², Slatina. Kompletno renoviran. Zgrada ima lift.",407000
742,Solana,62,2,7,10,1984,1,0,0,centralno,useljiv,"2-soban stan, 62 m², Solana. Blizu škole i prodavnice.",210000
743,Simin Han,51,1,3,6,1973,0,0,1,plin,renoviran,"1-soban stan, 51 m², Simin Han. Kompletno renoviran. Blizu škole i prodavnice.",166000
744,Centar,84,3,0,12,2005,0,0,1,centralno,renoviran,"3-soban stan, 84 m², Centar. Kompletno renoviran.",407500
745,Gornja Tuzla,42,1,2,3,1993,0,0,1,centralno,renoviran,"1-soban stan, 42 m², Gornja Tuzla. Kompletno renoviran.",170000
746,Slatina,66,3,0,8,2023,1,0,0,plin,novogradnja,"3-soban stan, 66 m², Slatina. Novogradnja, prvi vlasnik.",421000
747,Simin Han,50,2,0,3,1984,0,0,1,struja,renoviran,"2-soban stan, 50 m², Simin Han. Kompletno renoviran. Prelijep pogled na grad.",140500
748,Centar,45,2,2,5,1984,0,0,1,centralno,renoviran,"2-soban stan, 45 m², Centar. Kompletno renoviran. Prelijep pogled na grad.",233500
749,Kreka,71,2,1,3,1971,1,0,1,centralno,renoviran,"2-soban stan, 71 m², Kreka. Kompletno renoviran.",210500
750,Stupine,42,2,0,7,1964,1,1,1,plin,useljiv,"2-soban stan, 42 m², Stupine. Zgrada ima lift.",144000
751,Sjenjak,117,4,3,3,1972,1,0,0,struja,useljiv,"4-soban stan, 117 m², Sjenjak. Blizu škole i prodavnice. Zgrada ima lift.",327000
752,Brčanska Malta,49,1,4,7,1993,1,0,0,centralno,renoviran,"1-soban stan, 49 m², Brčanska Malta. Kompletno renoviran.",219500
753,Sjenjak,120,5,1,7,2026,1,1,1,centralno,novogradnja,"5-soban stan, 120 m², Sjenjak. Novogradnja, prvi vlasnik.",627500
754,Stupine,41,2,7,10,1968,0,0,1,centralno,za renoviranje,"2-soban stan, 41 m², Stupine. Potrebno renoviranje.",105000
755,Stupine,74,4,10,10,1978,1,0,0,centralno,useljiv,"4-soban stan, 74 m², Stupine.",249500
756,Slatina,39,1,1,4,2008,1,0,0,struja,renoviran,"1-soban stan, 39 m², Slatina. Kompletno renoviran.",179500
757,Centar,38,1,5,9,1975,1,0,1,plin,useljiv,"1-soban stan, 38 m², Centar.",167000
758,Stupine,63,2,6,9,1969,1,0,1,plin,za renoviranje,"2-soban stan, 63 m², Stupine. Potrebno renoviranje. Prelijep pogled na grad.",197000
759,Stupine,76,3,5,5,2026,1,1,0,centralno,novogradnja,"3-soban stan, 76 m², Stupine. Novogradnja, prvi vlasnik. Blizu škole i prodavnice.",495500
760,Sjenjak,38,1,0,9,1974,1,0,0,plin,renoviran,"1-soban stan, 38 m², Sjenjak. Kompletno renoviran.",144000
761,Slatina,91,3,1,3,1985,0,0,1,plin,za renoviranje,"3-soban stan, 91 m², Slatina. Potrebno renoviranje. HITNO, cijena po dogovoru!",264000
762,Batva,45,1,1,11,2005,1,0,0,centralno,renoviran,"1-soban stan, 45 m², Batva. Kompletno renoviran. Prelijep pogled na grad. Zgrada ima lift.",229500
763,Slatina,63,2,2,7,2014,1,1,1,plin,renoviran,"2-soban stan, 63 m², Slatina. Kompletno renoviran.",436500
764,Centar,69,3,6,12,2023,1,1,1,struja,novogradnja,"3-soban stan, 69 m², Centar. Novogradnja, prvi vlasnik.",452000
765,Slatina,74,3,2,5,1994,0,1,1,centralno,useljiv,"3-soban stan, 74 m², Slatina. Blizu škole i prodavnice.",340000
766,Simin Han,32,1,0,6,1978,1,0,1,centralno,useljiv,"1-soban stan, 32 m², Simin Han.",108000
767,Stupine,106,4,1,4,1968,0,0,1,centralno,renoviran,"4-soban stan, 106 m², Stupine. Kompletno renoviran.",388500
768,Mejdan,73,3,4,5,2007,1,0,1,plin,useljiv,"3-soban stan, 73 m², Mejdan.",312500
769,Simin Han,52,2,3,5,1999,1,0,1,struja,useljiv,"2-soban stan, 52 m², Simin Han. Prelijep pogled na grad. Blizu škole i prodavnice.",189500
770,Mejdan,42,1,3,3,1978,0,0,1,struja,renoviran,"1-soban stan, 42 m², Mejdan. Kompletno renoviran.",131500
771,Kreka,33,1,6,7,1976,1,1,1,plin,useljiv,"1-soban stan, 33 m², Kreka. Blizu škole i prodavnice. Zgrada ima lift.",125500
772,Kreka,37,1,0,3,1987,0,0,0,plin,za renoviranje,"1-soban stan, 37 m², Kreka. Potrebno renoviranje.",107000
773,Slatina,73,2,2,10,1974,1,0,1,centralno,useljiv,"2-soban stan, 73 m², Slatina. Blizu škole i prodavnice.",272000
774,Simin Han,53,2,3,4,1983,0,0,1,centralno,useljiv,"2-soban stan, 53 m², Simin Han. Blizu škole i prodavnice.",169000
775,Stupine,40,2,2,4,1981,0,1,0,centralno,renoviran,"2-soban stan, 40 m², Stupine. Kompletno renoviran.",190000
776,Stupine,50,1,3,6,2005,1,0,1,centralno,renoviran,"1-soban stan, 50 m², Stupine. Kompletno renoviran. Zgrada ima lift.",234500
777,Mejdan,104,4,1,7,1985,1,1,1,centralno,useljiv,"4-soban stan, 104 m², Mejdan. Zgrada ima lift.",319000
778,Brčanska Malta,53,3,9,9,2015,1,1,1,plin,useljiv,"3-soban stan, 53 m², Brčanska Malta.",250500
779,Solana,49,2,4,4,1981,0,0,1,plin,useljiv,"2-soban stan, 49 m², Solana.",121500
780,Stupine,96,4,4,4,1975,1,0,1,plin,za renoviranje,"4-soban stan, 96 m², Stupine. Potrebno renoviranje. Prelijep pogled na grad. HITNO, cijena po dogovoru!",211000
781,Kula,71,3,6,12,2025,1,1,1,plin,novogradnja,"3-soban stan, 71 m², Kula. Novogradnja, prvi vlasnik.",371000
782,Sjenjak,61,3,5,5,2010,0,0,0,plin,za renoviranje,"3-soban stan, 61 m², Sjenjak. Potrebno renoviranje. Blizu škole i prodavnice.",174500
783,Stupine,49,3,10,12,2017,1,1,1,centralno,useljiv,"3-soban stan, 49 m², Stupine. Prelijep pogled na grad.",291000
784,Solana,35,2,5,6,1973,1,1,1,struja,za renoviranje,"2-soban stan, 35 m², Solana. Potrebno renoviranje. HITNO, cijena po dogovoru!",107500
785,Kula,40,1,5,6,2020,1,1,1,plin,useljiv,"1-soban stan, 40 m², Kula.",193000
786,Stupine,51,2,3,3,1999,0,1,1,centralno,renoviran,"2-soban stan, 51 m², Stupine. Kompletno renoviran.",229000
787,Kreka,56,2,2,3,1987,1,0,1,centralno,renoviran,"2-soban stan, 56 m², Kreka. Kompletno renoviran.",212000
788,Centar,68,2,6,8,1971,1,0,0,centralno,useljiv,"2-soban stan, 68 m², Centar. Prelijep pogled na grad. Zgrada ima lift.",305500
789,Centar,73,3,1,3,1969,0,0,1,plin,useljiv,"3-soban stan, 73 m², Centar.",310000
790,Slatina,65,3,8,8,1968,1,1,1,centralno,useljiv,"3-soban stan, 65 m², Slatina. Prelijep pogled na grad. Zgrada ima lift.",262500
791,Solana,65,2,5,6,1974,1,1,1,centralno,useljiv,"2-soban stan, 65 m², Solana. Blizu škole i prodavnice. Zgrada ima lift.",241500
792,Centar,42,2,0,10,1972,1,0,0,plin,renoviran,"2-soban stan, 42 m², Centar. Kompletno renoviran. Blizu škole i prodavnice.",162500
793,Kreka,28,1,8,8,1999,1,1,1,centralno,useljiv,"1-soban stan, 28 m², Kreka.",110500
794,Brčanska Malta,50,2,4,4,1989,1,0,1,struja,useljiv,"2-soban stan, 50 m², Brčanska Malta.",191500
795,Centar,43,2,1,10,1965,1,1,1,struja,za renoviranje,"2-soban stan, 43 m², Centar. Potrebno renoviranje. Prelijep pogled na grad.",162000
796,Batva,48,2,4,5,1971,0,0,0,centralno,renoviran,"2-soban stan, 48 m², Batva. Kompletno renoviran.",168000
797,Sjenjak,55,3,5,9,1964,0,0,1,plin,renoviran,"3-soban stan, 55 m², Sjenjak. Kompletno renoviran.",173000
798,Batva,39,1,3,8,1969,0,1,1,plin,useljiv,"1-soban stan, 39 m², Batva. Blizu škole i prodavnice.",181000
799,Simin Han,41,2,5,7,1979,1,0,0,centralno,useljiv,"2-soban stan, 41 m², Simin Han. Blizu škole i prodavnice.",127000
800,Kula,58,2,3,8,1994,1,0,1,centralno,renoviran,"2-soban stan, 58 m², Kula. Kompletno renoviran. Zgrada ima lift.",248500
801,Solana,62,4,1,3,1973,0,0,1,struja,useljiv,"4-soban stan, 62 m², Solana.",214000
802,Stupine,48,2,0,7,2022,1,0,0,centralno,za renoviranje,"2-soban stan, 48 m², Stupine. Potrebno renoviranje.",214000
803,Gornja Tuzla,71,2,4,7,2026,1,1,1,struja,novogradnja,"2-soban stan, 71 m², Gornja Tuzla. Novogradnja, prvi vlasnik. Zgrada ima lift.",315500
804,Mejdan,56,2,3,10,1991,1,0,1,centralno,renoviran,"2-soban stan, 56 m², Mejdan. Kompletno renoviran. Zgrada ima lift.",247000
805,Simin Han,42,1,1,3,1966,0,0,0,centralno,useljiv,"1-soban stan, 42 m², Simin Han. Blizu škole i prodavnice.",120000
806,Kreka,61,3,7,10,1972,1,0,0,centralno,useljiv,"3-soban stan, 61 m², Kreka. Zgrada ima lift.",176000
807,Solana,116,5,3,3,1985,0,1,0,plin,useljiv,"5-soban stan, 116 m², Solana.",356500
808,Slatina,47,3,5,9,2023,1,1,0,centralno,novogradnja,"3-soban stan, 47 m², Slatina. Novogradnja, prvi vlasnik. Blizu škole i prodavnice.",284000
809,Sjenjak,90,3,6,6,2025,1,0,1,centralno,novogradnja,"3-soban stan, 90 m², Sjenjak. Novogradnja, prvi vlasnik. Prelijep pogled na grad.",593000
810,Solana,97,5,11,11,2012,1,1,1,centralno,za renoviranje,"5-soban stan, 97 m², Solana. Potrebno renoviranje. Zgrada ima lift.",367000
811,Solana,101,4,3,6,2024,1,1,0,centralno,novogradnja,"4-soban stan, 101 m², Solana. Novogradnja, prvi vlasnik.",493500
812,Mejdan,45,2,2,10,1969,1,0,1,centralno,useljiv,"2-soban stan, 45 m², Mejdan.",185000
813,Solana,121,5,8,9,1985,0,0,1,struja,renoviran,"5-soban stan, 121 m², Solana. Kompletno renoviran. Prelijep pogled na grad.",365000
814,Mejdan,62,2,0,3,1981,0,0,1,centralno,za renoviranje,"2-soban stan, 62 m², Mejdan. Potrebno renoviranje. Blizu škole i prodavnice.",182500
815,Mejdan,55,2,0,5,1978,0,0,1,centralno,useljiv,"2-soban stan, 55 m², Mejdan.",149500
816,Simin Han,55,3,4,5,1996,0,0,0,struja,useljiv,"3-soban stan, 55 m², Simin Han.",132000
817,Sjenjak,74,2,4,5,1999,0,0,1,struja,renoviran,"2-soban stan, 74 m², Sjenjak. Kompletno renoviran. Blizu škole i prodavnice.",276500
818,Sjenjak,61,3,6,6,2020,1,1,0,centralno,useljiv,"3-soban stan, 61 m², Sjenjak. Prelijep pogled na grad. Zgrada ima lift.",295000
819,Mejdan,56,2,0,5,1968,0,1,0,centralno,useljiv,"2-soban stan, 56 m², Mejdan.",190500
820,Mejdan,94,5,1,3,1971,0,0,1,plin,useljiv,"5-soban stan, 94 m², Mejdan.",291500
821,Stupine,47,2,2,4,1971,0,0,1,centralno,useljiv,"2-soban stan, 47 m², Stupine. HITNO, cijena po dogovoru! Blizu škole i prodavnice.",170000
822,Centar,42,2,3,7,1976,1,0,1,plin,renoviran,"2-soban stan, 42 m², Centar. Kompletno renoviran.",189000
823,Simin Han,79,4,0,3,1971,0,0,1,centralno,renoviran,"4-soban stan, 79 m², Simin Han. Kompletno renoviran.",227000
824,Batva,77,4,0,10,1985,1,0,0,centralno,useljiv,"4-soban stan, 77 m², Batva. Blizu škole i prodavnice. Zgrada ima lift.",209500
825,Kula,88,4,3,8,2026,1,1,1,centralno,novogradnja,"4-soban stan, 88 m², Kula. Novogradnja, prvi vlasnik.",478500
826,Gornja Tuzla,41,1,1,7,1989,1,0,0,centralno,useljiv,"1-soban stan, 41 m², Gornja Tuzla. Prelijep pogled na grad. Zgrada ima lift.",136000
827,Stupine,88,4,1,3,1987,0,0,1,centralno,za renoviranje,"4-soban stan, 88 m², Stupine. Potrebno renoviranje.",357000
828,Stupine,71,3,3,3,1979,0,1,0,centralno,useljiv,"3-soban stan, 71 m², Stupine. Prelijep pogled na grad. Blizu škole i prodavnice.",259500
829,Slatina,111,5,0,9,1979,1,1,1,plin,useljiv,"5-soban stan, 111 m², Slatina.",361500
830,Slatina,39,1,3,3,1972,0,0,1,centralno,renoviran,"1-soban stan, 39 m², Slatina. Kompletno renoviran. Blizu škole i prodavnice.",178000
831,Simin Han,65,3,3,3,1991,0,0,1,plin,useljiv,"3-soban stan, 65 m², Simin Han. Blizu škole i prodavnice.",214000
832,Mejdan,54,3,3,6,1976,1,1,0,struja,za renoviranje,"3-soban stan, 54 m², Mejdan. Potrebno renoviranje.",154000
833,Slatina,34,1,1,7,1977,1,1,1,centralno,useljiv,"1-soban stan, 34 m², Slatina. Zgrada ima lift.",160500
834,Brčanska Malta,47,2,3,3,1998,0,0,0,centralno,useljiv,"2-soban stan, 47 m², Brčanska Malta.",179500
835,Stupine,89,5,3,4,1962,0,0,0,centralno,useljiv,"5-soban stan, 89 m², Stupine. Blizu škole i prodavnice.",352000
836,Centar,51,3,1,6,2020,1,1,1,struja,useljiv,"3-soban stan, 51 m², Centar.",313000
837,Kula,47,2,1,3,1963,1,0,0,centralno,useljiv,"2-soban stan, 47 m², Kula. Zgrada ima lift.",144000
838,Simin Han,81,4,3,5,1986,0,1,0,plin,za renoviranje,"4-soban stan, 81 m², Simin Han. Potrebno renoviranje.",261000
839,Slatina,85,4,6,6,2026,1,1,1,centralno,novogradnja,"4-soban stan, 85 m², Slatina. Novogradnja, prvi vlasnik. Zgrada ima lift.",573500
840,Brčanska Malta,85,4,5,5,1975,0,0,0,struja,za renoviranje,"4-soban stan, 85 m², Brčanska Malta. Potrebno renoviranje.",198500
841,Centar,46,2,3,3,1967,0,0,1,centralno,za renoviranje,"2-soban stan, 46 m², Centar. Potrebno renoviranje.",179000
842,Mejdan,59,3,3,9,1986,1,1,1,plin,renoviran,"3-soban stan, 59 m², Mejdan. Kompletno renoviran. Blizu škole i prodavnice. Zgrada ima lift.",236500
843,Batva,86,3,4,7,1999,1,1,1,plin,useljiv,"3-soban stan, 86 m², Batva.",360000
844,Stupine,48,2,5,8,1984,1,1,1,centralno,za renoviranje,"2-soban stan, 48 m², Stupine. Potrebno renoviranje. HITNO, cijena po dogovoru!",154000
845,Slatina,46,2,0,3,1971,1,1,1,centralno,useljiv,"2-soban stan, 46 m², Slatina. Zgrada ima lift.",171500
846,Brčanska Malta,80,3,8,11,2009,1,1,1,plin,renoviran,"3-soban stan, 80 m², Brčanska Malta. Kompletno renoviran. Prelijep pogled na grad. Blizu škole i prodavnice. Zgrada ima lift.",394000
847,Batva,104,5,4,10,1992,0,0,1,centralno,useljiv,"5-soban stan, 104 m², Batva. Blizu škole i prodavnice.",359000
848,Stupine,40,1,0,4,1989,0,0,0,centralno,za renoviranje,"1-soban stan, 40 m², Stupine. Potrebno renoviranje. HITNO, cijena po dogovoru!",119500
849,Kula,24,1,8,8,1999,1,0,1,centralno,renoviran,"1-soban stan, 24 m², Kula. Kompletno renoviran. Zgrada ima lift.",104500
850,Centar,36,1,1,5,2017,1,1,1,struja,renoviran,"1-soban stan, 36 m², Centar. Kompletno renoviran. Prelijep pogled na grad. Blizu škole i prodavnice.",302500
851,Solana,42,2,3,3,1988,0,0,1,plin,za renoviranje,"2-soban stan, 42 m², Solana. Potrebno renoviranje. Blizu škole i prodavnice.",140500
852,Stupine,57,3,5,8,1984,1,0,1,centralno,renoviran,"3-soban stan, 57 m², Stupine. Kompletno renoviran.",227000
853,Stupine,74,3,2,7,1999,0,0,1,centralno,renoviran,"3-soban stan, 74 m², Stupine. Kompletno renoviran.",368500
854,Stupine,57,2,2,7,1984,1,1,1,centralno,renoviran,"2-soban stan, 57 m², Stupine. Kompletno renoviran. Prelijep pogled na grad.",274000
855,Solana,47,3,6,8,1967,1,0,1,struja,za renoviranje,"3-soban stan, 47 m², Solana. Potrebno renoviranje. Zgrada ima lift.",125500
856,Slatina,63,2,0,4,2026,1,1,1,plin,novogradnja,"2-soban stan, 63 m², Slatina. Novogradnja, prvi vlasnik. Zgrada ima lift.",421500
857,Brčanska Malta,43,2,0,4,1974,1,0,1,centralno,renoviran,"2-soban stan, 43 m², Brčanska Malta. Kompletno renoviran. Blizu škole i prodavnice. Zgrada ima lift.",135500
858,Solana,59,2,1,11,2006,1,0,1,plin,useljiv,"2-soban stan, 59 m², Solana.",254000
859,Solana,48,1,5,7,1985,1,0,1,struja,renoviran,"1-soban stan, 48 m², Solana. Kompletno renoviran. Blizu škole i prodavnice.",155000
860,Centar,153,5,3,4,2017,1,1,0,centralno,renoviran,"5-soban stan, 153 m², Centar. Kompletno renoviran.",930000
861,Batva,80,2,2,3,1994,0,0,1,plin,renoviran,"2-soban stan, 80 m², Batva. Kompletno renoviran.",309500
862,Brčanska Malta,45,1,3,6,2020,1,1,0,struja,renoviran,"1-soban stan, 45 m², Brčanska Malta. Kompletno renoviran. Prelijep pogled na grad. HITNO, cijena po dogovoru! Zgrada ima lift.",216000
863,Kula,42,2,1,9,1985,1,1,1,centralno,useljiv,"2-soban stan, 42 m², Kula.",150500
864,Slatina,51,2,5,8,1974,1,0,1,centralno,useljiv,"2-soban stan, 51 m², Slatina.",200500
865,Slatina,34,2,5,5,2018,1,1,1,centralno,useljiv,"2-soban stan, 34 m², Slatina. Zgrada ima lift.",218500
866,Centar,46,2,3,5,2021,1,1,1,struja,za renoviranje,"2-soban stan, 46 m², Centar. Potrebno renoviranje.",253500
867,Centar,46,2,0,8,1982,1,1,1,centralno,useljiv,"2-soban stan, 46 m², Centar.",181500
868,Batva,82,4,2,7,2024,1,0,1,centralno,novogradnja,"4-soban stan, 82 m², Batva. Novogradnja, prvi vlasnik. Zgrada ima lift.",444000
869,Centar,52,2,4,10,2004,1,0,0,centralno,useljiv,"2-soban stan, 52 m², Centar. Blizu škole i prodavnice.",267500
870,Stupine,45,2,4,6,2020,1,1,0,plin,useljiv,"2-soban stan, 45 m², Stupine. Prelijep pogled na grad. HITNO, cijena po dogovoru! Zgrada ima lift.",244500
871,Slatina,38,1,1,9,1979,1,0,0,plin,renoviran,"1-soban stan, 38 m², Slatina. Kompletno renoviran. Prelijep pogled na grad. Zgrada ima lift.",180000
872,Centar,40,1,3,7,2023,1,1,1,centralno,novogradnja,"1-soban stan, 40 m², Centar. Novogradnja, prvi vlasnik. HITNO, cijena po dogovoru! Blizu škole i prodavnice.",272000
873,Centar,59,3,5,5,2016,1,1,1,centralno,renoviran,"3-soban stan, 59 m², Centar. Kompletno renoviran. Prelijep pogled na grad. HITNO, cijena po dogovoru! Zgrada ima lift.",357000
874,Kreka,56,3,0,5,2021,1,1,1,centralno,useljiv,"3-soban stan, 56 m², Kreka.",235000
875,Mejdan,89,4,6,10,1986,0,0,1,plin,za renoviranje,"4-soban stan, 89 m², Mejdan. Potrebno renoviranje.",243000
876,Stupine,48,2,4,8,1994,1,0,0,centralno,useljiv,"2-soban stan, 48 m², Stupine. Zgrada ima lift.",211500
877,Kula,87,4,3,11,2023,1,1,1,centralno,novogradnja,"4-soban stan, 87 m², Kula. Novogradnja, prvi vlasnik.",440500
878,Centar,66,2,6,12,2007,1,0,1,centralno,useljiv,"2-soban stan, 66 m², Centar.",305500
879,Stupine,60,2,0,8,1978,1,0,1,centralno,renoviran,"2-soban stan, 60 m², Stupine. Kompletno renoviran. Blizu škole i prodavnice.",193000
880,Solana,30,1,7,10,1974,1,1,1,centralno,za renoviranje,"1-soban stan, 30 m², Solana. Potrebno renoviranje.",100500
881,Kreka,38,1,1,5,2020,1,1,0,centralno,za renoviranje,"1-soban stan, 38 m², Kreka. Potrebno renoviranje. Prelijep pogled na grad. Zgrada ima lift.",184000
882,Brčanska Malta,78,3,10,10,2011,1,1,1,centralno,useljiv,"3-soban stan, 78 m², Brčanska Malta. Prelijep pogled na grad. Blizu škole i prodavnice. Zgrada ima lift.",368500
883,Centar,98,4,9,9,1964,1,0,1,centralno,useljiv,"4-soban stan, 98 m², Centar. Prelijep pogled na grad. Zgrada ima lift.",386000
884,Slatina,64,2,0,10,1979,1,1,1,centralno,renoviran,"2-soban stan, 64 m², Slatina. Kompletno renoviran. Zgrada ima lift.",238500
885,Centar,78,4,4,8,1998,1,0,1,centralno,useljiv,"4-soban stan, 78 m², Centar. Zgrada ima lift.",402500
886,Stupine,52,3,4,7,1977,1,0,1,centralno,useljiv,"3-soban stan, 52 m², Stupine. Blizu škole i prodavnice. Zgrada ima lift.",181000
887,Centar,53,3,3,3,1983,0,0,0,plin,za renoviranje,"3-soban stan, 53 m², Centar. Potrebno renoviranje. Blizu škole i prodavnice.",193500
888,Stupine,48,2,8,11,2010,1,1,1,centralno,renoviran,"2-soban stan, 48 m², Stupine. Kompletno renoviran. Zgrada ima lift.",237500
889,Brčanska Malta,84,4,2,4,1968,0,0,0,struja,useljiv,"4-soban stan, 84 m², Brčanska Malta.",266000
890,Centar,68,3,2,4,1979,0,0,1,centralno,useljiv,"3-soban stan, 68 m², Centar. Prelijep pogled na grad. Blizu škole i prodavnice.",330000
891,Stupine,55,3,2,5,2026,1,1,1,centralno,novogradnja,"3-soban stan, 55 m², Stupine. Novogradnja, prvi vlasnik. Blizu škole i prodavnice.",335500
892,Kreka,53,3,3,8,1969,0,0,1,centralno,useljiv,"3-soban stan, 53 m², Kreka. Prelijep pogled na grad. Blizu škole i prodavnice.",164500
893,Slatina,73,3,2,10,1963,1,0,1,centralno,useljiv,"3-soban stan, 73 m², Slatina. Zgrada ima lift.",295000
894,Slatina,67,3,8,11,2015,1,1,1,centralno,renoviran,"3-soban stan, 67 m², Slatina. Kompletno renoviran. Blizu škole i prodavnice. Zgrada ima lift.",489000
895,Centar,45,2,6,10,2005,1,1,1,centralno,useljiv,"2-soban stan, 45 m², Centar.",232500
896,Simin Han,109,3,5,9,1989,1,0,1,centralno,useljiv,"3-soban stan, 109 m², Simin Han.",396500
897,Kula,66,2,5,10,2015,1,1,1,centralno,renoviran,"2-soban stan, 66 m², Kula. Kompletno renoviran. Blizu škole i prodavnice.",363500
898,Batva,60,3,3,8,1972,1,1,1,struja,useljiv,"3-soban stan, 60 m², Batva. Blizu škole i prodavnice.",194000
899,Brčanska Malta,101,5,5,6,1969,1,0,1,centralno,useljiv,"5-soban stan, 101 m², Brčanska Malta. Zgrada ima lift.",331000
900,Centar,86,3,7,11,2016,1,1,0,centralno,renoviran,"3-soban stan, 86 m², Centar. Kompletno renoviran. Blizu škole i prodavnice. Zgrada ima lift.",667500
901,Slatina,58,3,0,3,1997,0,0,1,plin,useljiv,"3-soban stan, 58 m², Slatina. Blizu škole i prodavnice.",217500
902,Batva,72,4,6,9,1988,1,0,1,centralno,renoviran,"4-soban stan, 72 m², Batva. Kompletno renoviran.",345000
903,Solana,41,1,2,5,1991,1,0,1,centralno,za renoviranje,"1-soban stan, 41 m², Solana. Potrebno renoviranje.",127000
904,Gornja Tuzla,48,3,0,8,1962,1,0,1,centralno,za renoviranje,"3-soban stan, 48 m², Gornja Tuzla. Potrebno renoviranje. Blizu škole i prodavnice. Zgrada ima lift.",115500
905,Brčanska Malta,27,2,2,6,1977,0,0,0,centralno,za renoviranje,"2-soban stan, 27 m², Brčanska Malta. Potrebno renoviranje. Blizu škole i prodavnice.",95000
906,Sjenjak,92,4,2,5,1999,1,0,1,plin,useljiv,"4-soban stan, 92 m², Sjenjak. Prelijep pogled na grad. Blizu škole i prodavnice.",413500
907,Centar,31,1,7,9,2014,1,1,0,centralno,useljiv,"1-soban stan, 31 m², Centar. Zgrada ima lift.",251000
908,Kreka,76,4,8,8,1979,1,0,1,centralno,useljiv,"4-soban stan, 76 m², Kreka. Blizu škole i prodavnice.",225500
909,Centar,45,2,1,3,1969,1,0,1,centralno,useljiv,"2-soban stan, 45 m², Centar.",178000
910,Stupine,43,2,1,8,1961,1,0,1,centralno,useljiv,"2-soban stan, 43 m², Stupine. Blizu škole i prodavnice.",184500
911,Kula,56,2,8,10,1979,0,0,1,plin,useljiv,"2-soban stan, 56 m², Kula.",159000
912,Gornja Tuzla,66,2,3,6,1996,1,1,1,centralno,za renoviranje,"2-soban stan, 66 m², Gornja Tuzla. Potrebno renoviranje. Zgrada ima lift.",211000
913,Simin Han,74,4,0,10,2010,1,1,0,centralno,renoviran,"4-soban stan, 74 m², Simin Han. Kompletno renoviran. Zgrada ima lift.",244000
914,Sjenjak,112,5,6,9,2012,1,1,1,centralno,useljiv,"5-soban stan, 112 m², Sjenjak. Prelijep pogled na grad.",476000
915,Stupine,68,3,3,7,2016,1,0,0,struja,useljiv,"3-soban stan, 68 m², Stupine.",380500
916,Centar,82,4,1,10,2008,1,0,1,plin,useljiv,"4-soban stan, 82 m², Centar.",388000
917,Kreka,49,2,8,8,2006,1,0,1,centralno,useljiv,"2-soban stan, 49 m², Kreka. HITNO, cijena po dogovoru!",155000
918,Solana,77,3,2,10,1995,1,1,1,centralno,renoviran,"3-soban stan, 77 m², Solana. Kompletno renoviran.",349000
919,Stupine,63,3,6,10,2008,1,0,1,centralno,useljiv,"3-soban stan, 63 m², Stupine. Blizu škole i prodavnice.",255500
920,Kreka,51,2,2,6,2009,1,0,1,centralno,useljiv,"2-soban stan, 51 m², Kreka. Zgrada ima lift.",192000
921,Mejdan,58,4,4,10,2025,1,0,0,plin,novogradnja,"4-soban stan, 58 m², Mejdan. Novogradnja, prvi vlasnik. Blizu škole i prodavnice. Zgrada ima lift.",307000
922,Slatina,59,2,2,3,1975,0,0,1,plin,useljiv,"2-soban stan, 59 m², Slatina.",220500
923,Sjenjak,64,2,0,11,2005,1,0,1,plin,renoviran,"2-soban stan, 64 m², Sjenjak. Kompletno renoviran. Zgrada ima lift.",268000
924,Centar,69,3,1,9,1976,1,0,0,centralno,renoviran,"3-soban stan, 69 m², Centar. Kompletno renoviran. Zgrada ima lift.",287000
925,Sjenjak,50,2,1,5,1975,1,1,1,centralno,useljiv,"2-soban stan, 50 m², Sjenjak. Zgrada ima lift.",187500
926,Stupine,46,2,9,11,2026,1,0,1,centralno,novogradnja,"2-soban stan, 46 m², Stupine. Novogradnja, prvi vlasnik.",300500
927,Kula,78,3,2,7,1985,1,0,0,plin,renoviran,"3-soban stan, 78 m², Kula. Kompletno renoviran. Prelijep pogled na grad. Blizu škole i prodavnice.",302000
928,Sjenjak,33,2,4,6,1999,1,0,1,centralno,za renoviranje,"2-soban stan, 33 m², Sjenjak. Potrebno renoviranje. Zgrada ima lift.",135000
929,Kreka,48,2,6,8,1971,1,0,0,struja,useljiv,"2-soban stan, 48 m², Kreka. Prelijep pogled na grad. Zgrada ima lift.",151500
930,Kreka,103,5,8,10,1981,1,1,1,centralno,useljiv,"5-soban stan, 103 m², Kreka. Blizu škole i prodavnice.",274000
931,Slatina,24,1,6,10,1969,1,1,0,centralno,renoviran,"1-soban stan, 24 m², Slatina. Kompletno renoviran.",107000
932,Slatina,47,2,1,4,1993,0,0,1,plin,useljiv,"2-soban stan, 47 m², Slatina.",212000
933,Solana,76,4,2,12,2025,1,0,0,struja,novogradnja,"4-soban stan, 76 m², Solana. Novogradnja, prvi vlasnik.",430000
934,Sjenjak,34,2,2,3,2004,0,1,0,struja,renoviran,"2-soban stan, 34 m², Sjenjak. Kompletno renoviran. Blizu škole i prodavnice.",175000
935,Centar,149,5,1,8,2011,1,1,1,struja,renoviran,"5-soban stan, 149 m², Centar. Kompletno renoviran.",878000
936,Centar,24,1,6,6,1991,1,0,1,centralno,za renoviranje,"1-soban stan, 24 m², Centar. Potrebno renoviranje. Blizu škole i prodavnice.",105500
937,Solana,99,4,2,3,1983,1,0,0,struja,za renoviranje,"4-soban stan, 99 m², Solana. Potrebno renoviranje.",264000
938,Batva,103,4,3,6,2015,1,1,1,centralno,useljiv,"4-soban stan, 103 m², Batva.",480000
939,Centar,83,4,2,9,1989,0,0,0,struja,renoviran,"4-soban stan, 83 m², Centar. Kompletno renoviran.",381500
940,Sjenjak,56,3,2,4,1989,0,1,1,centralno,renoviran,"3-soban stan, 56 m², Sjenjak. Kompletno renoviran.",233000
941,Sjenjak,68,3,2,4,1991,1,0,1,centralno,useljiv,"3-soban stan, 68 m², Sjenjak. Zgrada ima lift.",337500
942,Mejdan,44,2,3,8,2022,1,1,0,centralno,useljiv,"2-soban stan, 44 m², Mejdan.",230500
943,Solana,80,3,4,5,2010,1,1,0,centralno,renoviran,"3-soban stan, 80 m², Solana. Kompletno renoviran. HITNO, cijena po dogovoru!",318500
944,Solana,41,3,3,4,2009,0,0,0,plin,useljiv,"3-soban stan, 41 m², Solana.",163500
945,Stupine,55,2,6,9,1979,1,0,0,centralno,renoviran,"2-soban stan, 55 m², Stupine. Kompletno renoviran. Blizu škole i prodavnice.",216500
946,Stupine,85,4,3,5,2016,1,1,0,centralno,renoviran,"4-soban stan, 85 m², Stupine. Kompletno renoviran. Prelijep pogled na grad. HITNO, cijena po dogovoru! Zgrada ima lift.",504500
947,Mejdan,41,2,4,5,1987,0,1,1,centralno,useljiv,"2-soban stan, 41 m², Mejdan. Blizu škole i prodavnice.",151500
948,Gornja Tuzla,53,2,8,10,1999,1,0,1,centralno,renoviran,"2-soban stan, 53 m², Gornja Tuzla. Kompletno renoviran. Blizu škole i prodavnice. Zgrada ima lift.",166000
949,Brčanska Malta,64,2,2,3,1994,0,1,1,centralno,useljiv,"2-soban stan, 64 m², Brčanska Malta. Blizu škole i prodavnice.",267500
950,Kula,38,2,7,7,2015,1,1,1,centralno,useljiv,"2-soban stan, 38 m², Kula. Prelijep pogled na grad.",196500
951,Batva,90,4,5,9,1966,1,0,0,centralno,renoviran,"4-soban stan, 90 m², Batva. Kompletno renoviran. Blizu škole i prodavnice. Zgrada ima lift.",354000
952,Stupine,68,3,5,6,1964,1,1,0,plin,za renoviranje,"3-soban stan, 68 m², Stupine. Potrebno renoviranje. Prelijep pogled na grad. Zgrada ima lift.",247000
953,Gornja Tuzla,35,2,7,8,1979,1,0,1,centralno,renoviran,"2-soban stan, 35 m², Gornja Tuzla. Kompletno renoviran. Zgrada ima lift.",116000
954,Centar,59,3,2,3,1974,0,0,0,centralno,za renoviranje,"3-soban stan, 59 m², Centar. Potrebno renoviranje. Blizu škole i prodavnice.",215500
955,Kula,46,2,2,5,2004,0,0,1,centralno,useljiv,"2-soban stan, 46 m², Kula.",182500
956,Stupine,48,2,1,3,1962,0,1,0,centralno,useljiv,"2-soban stan, 48 m², Stupine. Blizu škole i prodavnice.",215500
957,Sjenjak,62,3,1,10,1962,1,0,1,plin,useljiv,"3-soban stan, 62 m², Sjenjak.",243000
958,Solana,47,2,5,9,1991,0,1,0,struja,useljiv,"2-soban stan, 47 m², Solana.",145500
959,Batva,84,4,7,10,1962,1,0,1,centralno,useljiv,"4-soban stan, 84 m², Batva.",323500
960,Centar,47,2,12,12,2017,1,1,0,centralno,useljiv,"2-soban stan, 47 m², Centar. HITNO, cijena po dogovoru!",263000
961,Mejdan,85,3,4,4,1985,1,0,1,centralno,useljiv,"3-soban stan, 85 m², Mejdan. Zgrada ima lift.",310500
962,Brčanska Malta,59,2,7,7,1972,1,0,1,centralno,renoviran,"2-soban stan, 59 m², Brčanska Malta. Kompletno renoviran. Prelijep pogled na grad.",219500
963,Centar,81,3,3,7,1996,0,0,1,struja,useljiv,"3-soban stan, 81 m², Centar.",360500
964,Stupine,50,2,1,11,2020,1,1,1,centralno,useljiv,"2-soban stan, 50 m², Stupine. Zgrada ima lift.",290500
965,Centar,50,1,6,10,1977,1,0,1,centralno,useljiv,"1-soban stan, 50 m², Centar. Zgrada ima lift.",217000
966,Batva,40,2,6,8,1978,1,0,0,centralno,renoviran,"2-soban stan, 40 m², Batva. Kompletno renoviran.",157500
967,Mejdan,73,3,8,10,1989,0,0,1,centralno,renoviran,"3-soban stan, 73 m², Mejdan. Kompletno renoviran.",293000
968,Sjenjak,83,3,0,10,2017,1,1,1,plin,useljiv,"3-soban stan, 83 m², Sjenjak. HITNO, cijena po dogovoru!",310000
969,Slatina,126,5,4,7,2026,1,1,1,centralno,novogradnja,"5-soban stan, 126 m², Slatina. Novogradnja, prvi vlasnik. Blizu škole i prodavnice. Zgrada ima lift.",766500
970,Brčanska Malta,94,4,1,9,1971,0,1,1,centralno,useljiv,"4-soban stan, 94 m², Brčanska Malta.",330500
971,Stupine,65,3,5,5,1964,0,0,1,centralno,useljiv,"3-soban stan, 65 m², Stupine.",197000
972,Kreka,56,2,3,8,1976,1,0,1,plin,useljiv,"2-soban stan, 56 m², Kreka. Prelijep pogled na grad. Zgrada ima lift.",185500
973,Solana,69,2,3,6,1985,1,0,1,centralno,useljiv,"2-soban stan, 69 m², Solana. Blizu škole i prodavnice. Zgrada ima lift.",247000
974,Sjenjak,59,3,1,11,2008,0,0,1,centralno,za renoviranje,"3-soban stan, 59 m², Sjenjak. Potrebno renoviranje. Prelijep pogled na grad. Blizu škole i prodavnice.",241500
975,Sjenjak,100,4,1,9,2004,1,0,1,plin,za renoviranje,"4-soban stan, 100 m², Sjenjak. Potrebno renoviranje. Blizu škole i prodavnice.",355500
976,Kreka,83,4,3,4,2010,0,1,1,centralno,useljiv,"4-soban stan, 83 m², Kreka. Prelijep pogled na grad.",316000
977,Slatina,45,1,1,7,1989,1,0,0,centralno,za renoviranje,"1-soban stan, 45 m², Slatina. Potrebno renoviranje. Zgrada ima lift.",150500
978,Gornja Tuzla,47,1,2,5,1984,0,0,1,centralno,renoviran,"1-soban stan, 47 m², Gornja Tuzla. Kompletno renoviran.",149500
979,Slatina,97,5,0,10,2023,1,1,0,centralno,novogradnja,"5-soban stan, 97 m², Slatina. Novogradnja, prvi vlasnik.",515000
980,Kula,67,3,3,9,1962,0,1,0,centralno,renoviran,"3-soban stan, 67 m², Kula. Kompletno renoviran.",217500
981,Slatina,55,2,7,7,1966,1,0,0,struja,renoviran,"2-soban stan, 55 m², Slatina. Kompletno renoviran.",202000
982,Brčanska Malta,91,4,8,9,1966,1,1,0,centralno,useljiv,"4-soban stan, 91 m², Brčanska Malta. Zgrada ima lift.",279500
983,Kreka,52,2,5,7,2022,1,1,0,centralno,useljiv,"2-soban stan, 52 m², Kreka.",230500
984,Centar,54,2,3,10,1984,1,0,1,centralno,za renoviranje,"2-soban stan, 54 m², Centar. Potrebno renoviranje. Blizu škole i prodavnice.",175500
985,Gornja Tuzla,51,1,4,7,2011,1,0,0,centralno,useljiv,"1-soban stan, 51 m², Gornja Tuzla. Zgrada ima lift.",210500
986,Batva,30,1,2,9,2011,1,1,1,struja,useljiv,"1-soban stan, 30 m², Batva.",161000
987,Mejdan,81,3,0,5,2020,1,1,1,centralno,za renoviranje,"3-soban stan, 81 m², Mejdan. Potrebno renoviranje. Blizu škole i prodavnice.",317500
988,Slatina,39,2,2,8,1993,1,1,1,centralno,useljiv,"2-soban stan, 39 m², Slatina. Zgrada ima lift.",198500
989,Centar,49,2,4,5,1985,0,0,1,plin,useljiv,"2-soban stan, 49 m², Centar. Blizu škole i prodavnice.",164500
990,Stupine,46,1,0,5,1963,0,0,1,struja,useljiv,"1-soban stan, 46 m², Stupine.",155000
991,Brčanska Malta,77,4,4,7,1989,1,0,1,struja,za renoviranje,"4-soban stan, 77 m², Brčanska Malta. Potrebno renoviranje. Blizu škole i prodavnice.",266000
992,Centar,59,2,7,9,1972,1,0,1,centralno,renoviran,"2-soban stan, 59 m², Centar. Kompletno renoviran.",269000
993,Brčanska Malta,60,1,0,7,2025,1,1,1,plin,novogradnja,"1-soban stan, 60 m², Brčanska Malta. Novogradnja, prvi vlasnik. Prelijep pogled na grad. Zgrada ima lift.",289500
994,Solana,33,1,5,7,2016,1,1,1,centralno,za renoviranje,"1-soban stan, 33 m², Solana. Potrebno renoviranje. Zgrada ima lift.",163500
995,Solana,58,3,0,9,1971,1,0,1,plin,za renoviranje,"3-soban stan, 58 m², Solana. Potrebno renoviranje. Prelijep pogled na grad. Zgrada ima lift.",148500
996,Kreka,36,1,4,10,1983,1,0,1,centralno,useljiv,"1-soban stan, 36 m², Kreka.",131500
997,Gornja Tuzla,67,2,0,3,1984,0,1,0,centralno,useljiv,"2-soban stan, 67 m², Gornja Tuzla.",168000
998,Stupine,68,2,8,10,1995,1,0,0,plin,za renoviranje,"2-soban stan, 68 m², Stupine. Potrebno renoviranje. Blizu škole i prodavnice. Zgrada ima lift.",251000
999,Solana,60,2,8,11,2021,1,0,1,struja,za renoviranje,"2-soban stan, 60 m², Solana. Potrebno renoviranje. Blizu škole i prodavnice. Zgrada ima lift.",235000
1000,Stupine,123,5,2,7,1974,1,0,1,plin,renoviran,"5-soban stan, 123 m², Stupine. Kompletno renoviran. Blizu škole i prodavnice. Zgrada ima lift.",416000
1001,Kreka,72,3,5,6,1994,1,1,1,plin,useljiv,"3-soban stan, 72 m², Kreka. Zgrada ima lift.",275000
1002,Kreka,74,4,1,7,1989,1,0,1,struja,useljiv,"4-soban stan, 74 m², Kreka. Blizu škole i prodavnice.",229500
1003,Brčanska Malta,63,3,5,11,2025,1,0,1,centralno,novogradnja,"3-soban stan, 63 m², Brčanska Malta. Novogradnja, prvi vlasnik. Blizu škole i prodavnice.",387500
1004,Batva,56,1,0,7,1972,1,0,1,struja,renoviran,"1-soban stan, 56 m², Batva. Kompletno renoviran. Blizu škole i prodavnice.",167500
1005,Stupine,84,4,7,7,2004,0,0,0,centralno,renoviran,"4-soban stan, 84 m², Stupine. Kompletno renoviran. HITNO, cijena po dogovoru! Blizu škole i prodavnice.",268500
1006,Sjenjak,88,3,1,10,1969,1,1,0,centralno,useljiv,"3-soban stan, 88 m², Sjenjak.",327000
1007,Slatina,38,1,2,4,1992,0,0,0,centralno,useljiv,"1-soban stan, 38 m², Slatina. Prelijep pogled na grad.",196500
1008,Stupine,87,4,5,11,2023,1,1,0,centralno,novogradnja,"4-soban stan, 87 m², Stupine. Novogradnja, prvi vlasnik. Zgrada ima lift.",553000
1009,Stupine,72,3,0,4,2005,0,0,0,centralno,za renoviranje,"3-soban stan, 72 m², Stupine. Potrebno renoviranje.",239000
1010,Gornja Tuzla,84,4,3,9,1965,0,0,1,centralno,za renoviranje,"4-soban stan, 84 m², Gornja Tuzla. Potrebno renoviranje. Blizu škole i prodavnice.",197500
1011,Kreka,71,3,8,12,2025,1,1,1,centralno,novogradnja,"3-soban stan, 71 m², Kreka. Novogradnja, prvi vlasnik. Prelijep pogled na grad. Blizu škole i prodavnice.",368500
1012,Stupine,39,1,2,5,1999,0,0,1,struja,useljiv,"1-soban stan, 39 m², Stupine.",181500
1013,Centar,40,2,0,8,1994,1,0,1,struja,renoviran,"2-soban stan, 40 m², Centar. Kompletno renoviran. Zgrada ima lift.",179000
1014,Slatina,114,4,0,4,2026,1,1,1,centralno,novogradnja,"4-soban stan, 114 m², Slatina. Novogradnja, prvi vlasnik. Zgrada ima lift.",599000
1015,Stupine,66,3,0,8,1995,1,0,1,centralno,za renoviranje,"3-soban stan, 66 m², Stupine. Potrebno renoviranje. Zgrada ima lift.",231500
1016,Stupine,37,2,0,9,1979,1,0,1,centralno,renoviran,"2-soban stan, 37 m², Stupine. Kompletno renoviran. Blizu škole i prodavnice. Zgrada ima lift.",165500
1017,Batva,68,3,7,9,1983,1,0,0,centralno,useljiv,"3-soban stan, 68 m², Batva. Zgrada ima lift.",225000
1018,Mejdan,53,3,4,6,2008,1,0,1,plin,renoviran,"3-soban stan, 53 m², Mejdan. Kompletno renoviran.",246500
1019,Mejdan,31,2,3,7,1981,1,1,1,centralno,renoviran,"2-soban stan, 31 m², Mejdan. Kompletno renoviran.",133500
1020,Stupine,27,1,2,4,1973,1,1,0,centralno,useljiv,"1-soban stan, 27 m², Stupine.",117500
1021,Brčanska Malta,34,2,2,5,1986,0,0,1,centralno,za renoviranje,"2-soban stan, 34 m², Brčanska Malta. Potrebno renoviranje. Blizu škole i prodavnice.",123500
1022,Slatina,66,3,7,8,1967,1,0,1,struja,useljiv,"3-soban stan, 66 m², Slatina. Zgrada ima lift.",236000
1023,Mejdan,59,3,4,7,1961,1,1,1,centralno,useljiv,"3-soban stan, 59 m², Mejdan.",210500
1024,Sjenjak,55,2,7,8,1977,0,0,1,centralno,useljiv,"2-soban stan, 55 m², Sjenjak.",167000
1025,Kreka,66,3,2,8,1989,1,0,1,centralno,renoviran,"3-soban stan, 66 m², Kreka. Kompletno renoviran. Zgrada ima lift.",248000
1026,Stupine,74,3,1,4,1981,0,1,0,centralno,renoviran,"3-soban stan, 74 m², Stupine. Kompletno renoviran.",350000
1027,Kula,29,1,1,7,1972,1,1,1,centralno,useljiv,"1-soban stan, 29 m², Kula. Prelijep pogled na grad. Zgrada ima lift.",115500
1028,Slatina,54,2,4,8,2004,1,0,1,struja,useljiv,"2-soban stan, 54 m², Slatina. Zgrada ima lift.",246000
1029,Kreka,45,2,4,7,1999,1,1,0,centralno,renoviran,"2-soban stan, 45 m², Kreka. Kompletno renoviran.",190500
1030,Mejdan,39,2,3,4,2022,1,1,0,centralno,za renoviranje,"2-soban stan, 39 m², Mejdan. Potrebno renoviranje. Blizu škole i prodavnice. Zgrada ima lift.",169000
1031,Sjenjak,50,2,6,9,1973,0,1,1,struja,za renoviranje,"2-soban stan, 50 m², Sjenjak. Potrebno renoviranje.",117500
1032,Kreka,57,3,0,3,1997,1,1,1,plin,renoviran,"3-soban stan, 57 m², Kreka. Kompletno renoviran. Blizu škole i prodavnice. Zgrada ima lift.",211000
1033,Kula,55,3,0,8,1977,1,1,1,centralno,useljiv,"3-soban stan, 55 m², Kula. Blizu škole i prodavnice. Zgrada ima lift.",158500
1034,Centar,36,2,4,5,1988,0,0,1,plin,za renoviranje,"2-soban stan, 36 m², Centar. Potrebno renoviranje.",137500
1035,Stupine,51,1,2,10,1984,0,0,1,centralno,za renoviranje,"1-soban stan, 51 m², Stupine. Potrebno renoviranje.",137500
1036,Solana,121,5,1,4,1992,0,0,1,plin,renoviran,"5-soban stan, 121 m², Solana. Kompletno renoviran.",419500
1037,Centar,41,2,5,9,1993,0,0,1,centralno,za renoviranje,"2-soban stan, 41 m², Centar. Potrebno renoviranje.",146000
1038,Slatina,33,1,1,5,2026,1,1,1,centralno,novogradnja,"1-soban stan, 33 m², Slatina. Novogradnja, prvi vlasnik. Zgrada ima lift.",283000
1039,Solana,66,3,0,4,1998,0,0,1,struja,renoviran,"3-soban stan, 66 m², Solana. Kompletno renoviran.",267000
1040,Centar,74,3,3,6,1983,1,0,0,centralno,useljiv,"3-soban stan, 74 m², Centar. Blizu škole i prodavnice. Zgrada ima lift.",308000
1041,Stupine,71,3,1,8,2015,1,1,1,centralno,za renoviranje,"3-soban stan, 71 m², Stupine. Potrebno renoviranje.",396500
1042,Stupine,41,2,4,6,1972,1,0,1,centralno,za renoviranje,"2-soban stan, 41 m², Stupine. Potrebno renoviranje. Blizu škole i prodavnice.",133000
1043,Centar,85,3,9,10,2022,1,1,0,centralno,useljiv,"3-soban stan, 85 m², Centar. Zgrada ima lift.",568500
1044,Sjenjak,46,2,9,10,1994,1,0,1,plin,za renoviranje,"2-soban stan, 46 m², Sjenjak. Potrebno renoviranje.",165500
1045,Brčanska Malta,40,2,0,4,1979,1,1,1,struja,renoviran,"2-soban stan, 40 m², Brčanska Malta. Kompletno renoviran.",132000
1046,Slatina,48,2,8,9,2007,1,0,0,centralno,renoviran,"2-soban stan, 48 m², Slatina. Kompletno renoviran. Blizu škole i prodavnice. Zgrada ima lift.",211000
1047,Centar,58,3,6,9,1967,1,0,1,centralno,useljiv,"3-soban stan, 58 m², Centar. Prelijep pogled na grad. Zgrada ima lift.",266000
1048,Gornja Tuzla,77,3,0,4,1961,1,0,0,centralno,renoviran,"3-soban stan, 77 m², Gornja Tuzla. Kompletno renoviran. Zgrada ima lift.",189500
1049,Gornja Tuzla,75,3,1,7,1973,1,1,1,centralno,useljiv,"3-soban stan, 75 m², Gornja Tuzla.",231000
1050,Batva,60,3,1,10,1988,1,0,0,struja,useljiv,"3-soban stan, 60 m², Batva. HITNO, cijena po dogovoru!",253000
1051,Stupine,83,3,6,6,1994,1,0,0,centralno,useljiv,"3-soban stan, 83 m², Stupine. Prelijep pogled na grad. Zgrada ima lift.",329000
1052,Batva,62,2,3,8,1978,1,0,1,plin,useljiv,"2-soban stan, 62 m², Batva.",238500
1053,Brčanska Malta,82,3,5,8,1991,1,0,1,struja,useljiv,"3-soban stan, 82 m², Brčanska Malta. Prelijep pogled na grad.",310000
1054,Mejdan,37,1,0,8,2021,1,0,1,struja,za renoviranje,"1-soban stan, 37 m², Mejdan. Potrebno renoviranje. Prelijep pogled na grad. Zgrada ima lift.",149500
1055,Kreka,35,1,6,7,2025,1,1,1,centralno,novogradnja,"1-soban stan, 35 m², Kreka. Novogradnja, prvi vlasnik.",215500
1056,Mejdan,79,3,4,8,2008,1,0,1,centralno,renoviran,"3-soban stan, 79 m², Mejdan. Kompletno renoviran. HITNO, cijena po dogovoru!",336500
1057,Sjenjak,37,1,8,8,1977,1,0,0,centralno,za renoviranje,"1-soban stan, 37 m², Sjenjak. Potrebno renoviranje. Prelijep pogled na grad.",136000
1058,Centar,54,3,3,7,1988,1,0,1,plin,za renoviranje,"3-soban stan, 54 m², Centar. Potrebno renoviranje. Blizu škole i prodavnice.",255000
1059,Batva,58,3,6,8,2015,1,1,1,struja,useljiv,"3-soban stan, 58 m², Batva. Zgrada ima lift.",270500
1060,Simin Han,51,1,2,4,2023,1,1,1,struja,novogradnja,"1-soban stan, 51 m², Simin Han. Novogradnja, prvi vlasnik. Zgrada ima lift.",235500
1061,Simin Han,51,2,5,6,2021,1,1,1,centralno,useljiv,"2-soban stan, 51 m², Simin Han. Prelijep pogled na grad. Blizu škole i prodavnice.",249500
1062,Stupine,98,4,3,10,1985,1,1,1,plin,useljiv,"4-soban stan, 98 m², Stupine.",347500
1063,Solana,25,2,0,3,1983,0,0,1,struja,renoviran,"2-soban stan, 25 m², Solana. Kompletno renoviran.",95000
1064,Kula,82,3,1,5,1983,0,1,1,centralno,useljiv,"3-soban stan, 82 m², Kula.",245000
1065,Mejdan,134,5,4,5,2016,1,1,0,struja,za renoviranje,"5-soban stan, 134 m², Mejdan. Potrebno renoviranje. Prelijep pogled na grad. Zgrada ima lift.",551000
1066,Mejdan,60,3,2,4,2024,1,0,1,centralno,novogradnja,"3-soban stan, 60 m², Mejdan. Novogradnja, prvi vlasnik. Blizu škole i prodavnice.",357000
1067,Simin Han,60,2,2,3,1998,0,1,1,centralno,useljiv,"2-soban stan, 60 m², Simin Han.",221000
1068,Stupine,77,3,0,5,1983,0,0,0,centralno,za renoviranje,"3-soban stan, 77 m², Stupine. Potrebno renoviranje.",204000
1069,Brčanska Malta,114,5,8,8,2011,1,0,1,plin,useljiv,"5-soban stan, 114 m², Brčanska Malta. Prelijep pogled na grad. Zgrada ima lift.",462500
1070,Kula,40,2,0,9,1988,1,0,0,centralno,useljiv,"2-soban stan, 40 m², Kula. Blizu škole i prodavnice. Zgrada ima lift.",130000
1071,Sjenjak,62,3,0,10,1997,1,0,0,centralno,useljiv,"3-soban stan, 62 m², Sjenjak.",262500
1072,Kreka,56,3,6,8,1972,1,1,1,plin,renoviran,"3-soban stan, 56 m², Kreka. Kompletno renoviran. Zgrada ima lift.",190500
1073,Sjenjak,73,3,3,3,1963,0,0,1,centralno,za renoviranje,"3-soban stan, 73 m², Sjenjak. Potrebno renoviranje. Prelijep pogled na grad.",224000
1074,Sjenjak,63,3,1,9,1981,1,0,1,centralno,renoviran,"3-soban stan, 63 m², Sjenjak. Kompletno renoviran. Prelijep pogled na grad. Zgrada ima lift.",261500
1075,Slatina,76,4,3,3,1975,0,0,1,plin,useljiv,"4-soban stan, 76 m², Slatina. Blizu škole i prodavnice.",288500
1076,Kreka,52,3,0,4,1979,1,0,1,centralno,za renoviranje,"3-soban stan, 52 m², Kreka. Potrebno renoviranje. Zgrada ima lift.",128500
1077,Slatina,61,2,8,9,2026,1,1,0,struja,novogradnja,"2-soban stan, 61 m², Slatina. Novogradnja, prvi vlasnik.",404500
1078,Kula,47,2,1,4,2005,0,0,1,plin,useljiv,"2-soban stan, 47 m², Kula.",179500
1079,Mejdan,48,2,0,3,1985,1,0,1,centralno,useljiv,"2-soban stan, 48 m², Mejdan. Blizu škole i prodavnice.",145500
1080,Solana,57,2,5,9,2024,1,1,0,centralno,novogradnja,"2-soban stan, 57 m², Solana. Novogradnja, prvi vlasnik. Zgrada ima lift.",317000
1081,Solana,57,4,1,4,1969,0,0,1,plin,renoviran,"4-soban stan, 57 m², Solana. Kompletno renoviran. Blizu škole i prodavnice.",201500
1082,Centar,40,2,0,3,1987,0,1,1,struja,useljiv,"2-soban stan, 40 m², Centar.",173500
1083,Solana,104,4,2,11,2022,1,0,1,struja,useljiv,"4-soban stan, 104 m², Solana. Blizu škole i prodavnice.",411500
1084,Brčanska Malta,57,2,7,10,2022,1,1,1,centralno,za renoviranje,"2-soban stan, 57 m², Brčanska Malta. Potrebno renoviranje. Prelijep pogled na grad.",284000
1085,Centar,37,2,2,5,2020,1,0,1,centralno,renoviran,"2-soban stan, 37 m², Centar. Kompletno renoviran. Zgrada ima lift.",308500
1086,Sjenjak,88,4,2,3,1979,0,1,1,centralno,renoviran,"4-soban stan, 88 m², Sjenjak. Kompletno renoviran. Blizu škole i prodavnice.",361500
1087,Centar,46,2,5,7,1996,0,0,1,struja,useljiv,"2-soban stan, 46 m², Centar. Blizu škole i prodavnice.",199500
1088,Batva,72,4,3,8,1964,1,0,1,centralno,useljiv,"4-soban stan, 72 m², Batva. Prelijep pogled na grad. Zgrada ima lift.",267000
1089,Stupine,60,3,8,10,1962,1,0,1,centralno,useljiv,"3-soban stan, 60 m², Stupine. Prelijep pogled na grad. Zgrada ima lift.",258500
1090,Mejdan,66,2,8,8,2015,1,1,1,struja,renoviran,"2-soban stan, 66 m², Mejdan. Kompletno renoviran. Blizu škole i prodavnice. Zgrada ima lift.",320500
1091,Slatina,64,2,2,3,1962,1,0,1,plin,renoviran,"2-soban stan, 64 m², Slatina. Kompletno renoviran. Zgrada ima lift.",291500
1092,Brčanska Malta,49,2,3,4,1961,1,1,1,centralno,useljiv,"2-soban stan, 49 m², Brčanska Malta. Blizu škole i prodavnice. Zgrada ima lift.",190000
1093,Gornja Tuzla,61,3,4,8,1969,0,0,0,plin,za renoviranje,"3-soban stan, 61 m², Gornja Tuzla. Potrebno renoviranje. Prelijep pogled na grad.",122500
1094,Solana,122,5,0,6,2012,1,1,0,struja,renoviran,"5-soban stan, 122 m², Solana. Kompletno renoviran. Blizu škole i prodavnice. Zgrada ima lift.",429500
1095,Slatina,27,1,7,9,1994,1,0,1,centralno,renoviran,"1-soban stan, 27 m², Slatina. Kompletno renoviran.",149500
1096,Batva,61,2,1,4,1972,0,1,0,centralno,renoviran,"2-soban stan, 61 m², Batva. Kompletno renoviran.",235000
1097,Centar,70,3,1,7,1986,1,1,0,struja,renoviran,"3-soban stan, 70 m², Centar. Kompletno renoviran. Blizu škole i prodavnice. Zgrada ima lift.",339000
1098,Mejdan,42,2,1,10,2026,1,0,1,struja,novogradnja,"2-soban stan, 42 m², Mejdan. Novogradnja, prvi vlasnik. Blizu škole i prodavnice. Zgrada ima lift.",225000
1099,Solana,37,1,5,5,1975,1,0,1,struja,useljiv,"1-soban stan, 37 m², Solana. Prelijep pogled na grad.",126000
1100,Centar,128,5,6,8,1965,1,1,1,centralno,renoviran,"5-soban stan, 128 m², Centar. Kompletno renoviran. Zgrada ima lift.",554000
1101,Kreka,53,2,8,8,2011,0,1,1,centralno,renoviran,"2-soban stan, 53 m², Kreka. Kompletno renoviran.",181500
1102,Brčanska Malta,124,4,2,10,1969,1,1,1,centralno,za renoviranje,"4-soban stan, 124 m², Brčanska Malta. Potrebno renoviranje. Blizu škole i prodavnice. Zgrada ima lift.",343500
1103,Slatina,72,3,4,6,1999,0,0,0,centralno,renoviran,"3-soban stan, 72 m², Slatina. Kompletno renoviran. HITNO, cijena po dogovoru! Blizu škole i prodavnice.",302000
1104,Simin Han,62,3,2,5,1971,0,0,1,struja,useljiv,"3-soban stan, 62 m², Simin Han. Blizu škole i prodavnice.",192000
1105,Slatina,71,3,0,4,1964,1,0,0,centralno,useljiv,"3-soban stan, 71 m², Slatina. Zgrada ima lift.",245000
1106,Kreka,75,3,1,10,2011,1,1,1,centralno,za renoviranje,"3-soban stan, 75 m², Kreka. Potrebno renoviranje.",317500
1107,Centar,91,3,10,10,2005,1,0,0,centralno,useljiv,"3-soban stan, 91 m², Centar. Blizu škole i prodavnice. Zgrada ima lift.",383500
1108,Centar,70,3,7,8,1979,1,1,1,plin,renoviran,"3-soban stan, 70 m², Centar. Kompletno renoviran. Blizu škole i prodavnice.",348000
1109,Simin Han,63,3,2,9,1978,1,0,0,centralno,renoviran,"3-soban stan, 63 m², Simin Han. Kompletno renoviran. Prelijep pogled na grad. Zgrada ima lift.",217000
1110,Sjenjak,64,3,5,6,2026,1,1,1,plin,novogradnja,"3-soban stan, 64 m², Sjenjak. Novogradnja, prvi vlasnik. Zgrada ima lift.",370000
1111,Stupine,96,4,8,10,1977,1,0,0,centralno,za renoviranje,"4-soban stan, 96 m², Stupine. Potrebno renoviranje. Zgrada ima lift.",284500
1112,Sjenjak,80,4,5,8,1972,1,1,1,centralno,useljiv,"4-soban stan, 80 m², Sjenjak.",360000
1113,Slatina,42,2,7,7,1985,1,0,1,centralno,useljiv,"2-soban stan, 42 m², Slatina. Blizu škole i prodavnice. Zgrada ima lift.",149000
1114,Batva,48,2,4,6,1979,1,0,1,plin,renoviran,"2-soban stan, 48 m², Batva. Kompletno renoviran. Prelijep pogled na grad. Blizu škole i prodavnice. Zgrada ima lift.",173500
1115,Simin Han,67,2,0,4,1974,1,1,0,struja,useljiv,"2-soban stan, 67 m², Simin Han.",199000
1116,Kreka,48,3,2,7,2026,1,1,1,centralno,novogradnja,"3-soban stan, 48 m², Kreka. Novogradnja, prvi vlasnik. Prelijep pogled na grad. Blizu škole i prodavnice. Zgrada ima lift.",248500
1117,Centar,53,2,1,4,1966,1,0,0,plin,za renoviranje,"2-soban stan, 53 m², Centar. Potrebno renoviranje. Zgrada ima lift.",191000
1118,Brčanska Malta,43,2,2,12,2015,1,1,0,plin,za renoviranje,"2-soban stan, 43 m², Brčanska Malta. Potrebno renoviranje. Zgrada ima lift.",178500
1119,Solana,55,3,5,6,1993,1,0,1,centralno,useljiv,"3-soban stan, 55 m², Solana. Blizu škole i prodavnice. Zgrada ima lift.",211000
1120,Sjenjak,70,3,0,9,1969,1,0,1,centralno,renoviran,"3-soban stan, 70 m², Sjenjak. Kompletno renoviran. Blizu škole i prodavnice. Zgrada ima lift.",251500
1121,Simin Han,85,3,6,8,1972,1,0,0,centralno,useljiv,"3-soban stan, 85 m², Simin Han. HITNO, cijena po dogovoru! Zgrada ima lift.",221500
1122,Centar,60,3,2,4,2004,0,0,1,struja,useljiv,"3-soban stan, 60 m², Centar. HITNO, cijena po dogovoru! Blizu škole i prodavnice.",250000
1123,Kreka,124,5,0,6,1992,1,0,0,plin,renoviran,"5-soban stan, 124 m², Kreka. Kompletno renoviran. Blizu škole i prodavnice. Zgrada ima lift.",361000
1124,Batva,58,2,8,8,1972,1,0,1,centralno,useljiv,"2-soban stan, 58 m², Batva. Zgrada ima lift.",199000
1125,Kreka,160,5,3,3,1975,0,0,1,centralno,useljiv,"5-soban stan, 160 m², Kreka.",462000
1126,Simin Han,85,4,0,6,2020,1,1,0,plin,za renoviranje,"4-soban stan, 85 m², Simin Han. Potrebno renoviranje.",273000
1127,Kreka,71,3,9,11,2012,0,0,1,centralno,renoviran,"3-soban stan, 71 m², Kreka. Kompletno renoviran.",285500
1128,Centar,50,2,1,6,2009,1,0,1,centralno,useljiv,"2-soban stan, 50 m², Centar. Zgrada ima lift.",284000
1129,Kula,24,1,1,9,2026,1,1,0,centralno,novogradnja,"1-soban stan, 24 m², Kula. Novogradnja, prvi vlasnik. Prelijep pogled na grad. Blizu škole i prodavnice.",161500
1130,Stupine,57,2,3,6,1974,1,0,1,centralno,useljiv,"2-soban stan, 57 m², Stupine. Zgrada ima lift.",229500
1131,Slatina,64,3,1,3,1984,0,0,0,centralno,useljiv,"3-soban stan, 64 m², Slatina. Blizu škole i prodavnice.",248000
1132,Slatina,118,4,0,5,2014,0,0,0,plin,useljiv,"4-soban stan, 118 m², Slatina. Blizu škole i prodavnice.",496000
1133,Brčanska Malta,37,1,4,7,1984,1,0,1,centralno,za renoviranje,"1-soban stan, 37 m², Brčanska Malta. Potrebno renoviranje.",131000
1134,Brčanska Malta,117,5,1,3,1985,0,1,1,centralno,useljiv,"5-soban stan, 117 m², Brčanska Malta.",352000
1135,Solana,55,2,2,7,2014,1,1,1,centralno,useljiv,"2-soban stan, 55 m², Solana. Blizu škole i prodavnice.",284000
1136,Centar,77,4,9,11,2026,1,1,0,plin,novogradnja,"4-soban stan, 77 m², Centar. Novogradnja, prvi vlasnik. Blizu škole i prodavnice.",555000
1137,Stupine,25,2,1,7,2024,1,1,0,centralno,novogradnja,"2-soban stan, 25 m², Stupine. Novogradnja, prvi vlasnik. Prelijep pogled na grad.",184000
1138,Mejdan,63,2,1,8,2014,1,1,0,centralno,useljiv,"2-soban stan, 63 m², Mejdan. HITNO, cijena po dogovoru! Blizu škole i prodavnice. Zgrada ima lift.",296000
1139,Gornja Tuzla,53,2,2,3,1983,0,0,1,plin,za renoviranje,"2-soban stan, 53 m², Gornja Tuzla. Potrebno renoviranje.",118500
1140,Batva,76,3,1,5,2009,0,1,1,centralno,useljiv,"3-soban stan, 76 m², Batva. Prelijep pogled na grad. Blizu škole i prodavnice.",338000
1141,Sjenjak,62,3,6,10,1977,1,0,1,centralno,useljiv,"3-soban stan, 62 m², Sjenjak.",228000
1142,Simin Han,40,2,3,10,1972,1,1,1,plin,useljiv,"2-soban stan, 40 m², Simin Han.",129000
1143,Brčanska Malta,84,4,2,10,1974,1,0,1,centralno,useljiv,"4-soban stan, 84 m², Brčanska Malta.",329500
1144,Slatina,77,4,2,12,2008,1,0,1,centralno,useljiv,"4-soban stan, 77 m², Slatina. Blizu škole i prodavnice.",378500
1145,Centar,74,3,0,5,2026,1,0,1,centralno,novogradnja,"3-soban stan, 74 m², Centar. Novogradnja, prvi vlasnik. HITNO, cijena po dogovoru!",454500
1146,Sjenjak,85,4,7,8,2007,1,0,0,struja,useljiv,"4-soban stan, 85 m², Sjenjak.",364500
1147,Kreka,88,4,2,7,1977,1,0,1,centralno,useljiv,"4-soban stan, 88 m², Kreka. Prelijep pogled na grad. Zgrada ima lift.",294500
1148,Brčanska Malta,60,2,5,5,2006,0,0,1,centralno,za renoviranje,"2-soban stan, 60 m², Brčanska Malta. Potrebno renoviranje. Prelijep pogled na grad. Blizu škole i prodavnice.",168500
1149,Centar,37,2,4,4,1986,1,0,1,centralno,renoviran,"2-soban stan, 37 m², Centar. Kompletno renoviran.",191500
1150,Sjenjak,37,2,6,10,2014,1,0,1,plin,useljiv,"2-soban stan, 37 m², Sjenjak.",198000
1151,Mejdan,96,3,9,9,1986,1,0,0,centralno,renoviran,"3-soban stan, 96 m², Mejdan. Kompletno renoviran. Blizu škole i prodavnice.",412500
1152,Batva,77,4,1,6,1976,0,0,1,centralno,za renoviranje,"4-soban stan, 77 m², Batva. Potrebno renoviranje.",230500
1153,Batva,62,3,0,8,1978,1,0,0,centralno,useljiv,"3-soban stan, 62 m², Batva. Prelijep pogled na grad.",206000
1154,Solana,52,2,1,4,1964,0,0,0,plin,useljiv,"2-soban stan, 52 m², Solana. Prelijep pogled na grad.",204000
1155,Slatina,61,2,1,6,1982,1,0,1,centralno,renoviran,"2-soban stan, 61 m², Slatina. Kompletno renoviran. HITNO, cijena po dogovoru! Blizu škole i prodavnice.",225000
1156,Mejdan,61,3,3,4,1987,0,0,1,centralno,useljiv,"3-soban stan, 61 m², Mejdan.",278500
1157,Brčanska Malta,53,2,1,4,1987,0,0,0,plin,renoviran,"2-soban stan, 53 m², Brčanska Malta. Kompletno renoviran.",189500
1158,Kreka,47,2,8,11,2005,1,0,1,centralno,useljiv,"2-soban stan, 47 m², Kreka. Zgrada ima lift.",160500
1159,Kula,128,5,8,9,2026,1,1,0,centralno,novogradnja,"5-soban stan, 128 m², Kula. Novogradnja, prvi vlasnik. Prelijep pogled na grad. Blizu škole i prodavnice. Zgrada ima lift.",561000
1160,Sjenjak,65,2,4,4,2022,1,1,1,centralno,renoviran,"2-soban stan, 65 m², Sjenjak. Kompletno renoviran. Zgrada ima lift.",345000
1161,Gornja Tuzla,49,3,0,4,1994,0,1,1,centralno,useljiv,"3-soban stan, 49 m², Gornja Tuzla. Blizu škole i prodavnice.",156500
1162,Sjenjak,38,1,1,9,1981,1,0,1,struja,renoviran,"1-soban stan, 38 m², Sjenjak. Kompletno renoviran. Zgrada ima lift.",148500
1163,Solana,47,1,3,3,1977,1,0,0,centralno,renoviran,"1-soban stan, 47 m², Solana. Kompletno renoviran. Zgrada ima lift.",152000
1164,Slatina,77,3,2,10,1992,1,0,1,centralno,useljiv,"3-soban stan, 77 m², Slatina. Prelijep pogled na grad. Blizu škole i prodavnice.",459500
1165,Stupine,78,3,3,3,1961,1,0,1,centralno,useljiv,"3-soban stan, 78 m², Stupine. Blizu škole i prodavnice.",285500
1166,Gornja Tuzla,56,3,3,9,1966,1,0,1,plin,renoviran,"3-soban stan, 56 m², Gornja Tuzla. Kompletno renoviran. Prelijep pogled na grad.",184000
1167,Slatina,61,2,2,4,2010,0,0,1,centralno,renoviran,"2-soban stan, 61 m², Slatina. Kompletno renoviran.",283000
1168,Gornja Tuzla,54,2,1,3,1972,0,0,1,centralno,useljiv,"2-soban stan, 54 m², Gornja Tuzla. HITNO, cijena po dogovoru! Blizu škole i prodavnice.",137000
1169,Brčanska Malta,41,1,5,5,2014,0,1,1,centralno,za renoviranje,"1-soban stan, 41 m², Brčanska Malta. Potrebno renoviranje.",145500
1170,Sjenjak,95,5,8,9,2006,1,0,1,plin,useljiv,"5-soban stan, 95 m², Sjenjak.",356500
1171,Centar,68,3,0,4,1993,0,0,1,struja,renoviran,"3-soban stan, 68 m², Centar. Kompletno renoviran. Prelijep pogled na grad.",319000
1172,Simin Han,143,5,0,6,2024,1,0,1,centralno,novogradnja,"5-soban stan, 143 m², Simin Han. Novogradnja, prvi vlasnik. Prelijep pogled na grad.",569000
1173,Centar,46,1,5,7,1971,0,0,1,centralno,za renoviranje,"1-soban stan, 46 m², Centar. Potrebno renoviranje. Blizu škole i prodavnice.",126500
1174,Solana,57,3,2,9,1977,1,1,1,centralno,renoviran,"3-soban stan, 57 m², Solana. Kompletno renoviran.",222500
1175,Kreka,82,3,4,6,1987,1,0,1,centralno,useljiv,"3-soban stan, 82 m², Kreka. Zgrada ima lift.",303000
1176,Slatina,55,3,0,4,2026,1,1,0,plin,novogradnja,"3-soban stan, 55 m², Slatina. Novogradnja, prvi vlasnik. Zgrada ima lift.",350000
1177,Stupine,37,2,0,9,1968,1,0,0,struja,useljiv,"2-soban stan, 37 m², Stupine.",132500
1178,Kreka,43,1,4,4,1993,0,0,1,centralno,renoviran,"1-soban stan, 43 m², Kreka. Kompletno renoviran.",147000
1179,Sjenjak,62,2,9,12,2025,1,1,0,plin,novogradnja,"2-soban stan, 62 m², Sjenjak. Novogradnja, prvi vlasnik. HITNO, cijena po dogovoru! Zgrada ima lift.",328500
1180,Stupine,68,2,4,5,1976,0,1,1,plin,useljiv,"2-soban stan, 68 m², Stupine.",220000
1181,Sjenjak,58,2,8,8,2009,1,0,0,plin,za renoviranje,"2-soban stan, 58 m², Sjenjak. Potrebno renoviranje. Prelijep pogled na grad. HITNO, cijena po dogovoru!",208000
1182,Stupine,85,3,5,6,2004,1,1,1,centralno,useljiv,"3-soban stan, 85 m², Stupine. Zgrada ima lift.",376000
1183,Mejdan,85,3,6,10,1987,1,1,1,plin,renoviran,"3-soban stan, 85 m², Mejdan. Kompletno renoviran. Zgrada ima lift.",413500
1184,Brčanska Malta,67,2,1,4,1999,0,0,1,centralno,za renoviranje,"2-soban stan, 67 m², Brčanska Malta. Potrebno renoviranje.",229000
1185,Kreka,61,3,1,7,2022,1,1,1,centralno,useljiv,"3-soban stan, 61 m², Kreka.",266000
1186,Gornja Tuzla,55,3,2,3,1987,1,0,1,centralno,useljiv,"3-soban stan, 55 m², Gornja Tuzla. Zgrada ima lift.",174000
1187,Stupine,73,2,7,8,1982,0,0,1,centralno,za renoviranje,"2-soban stan, 73 m², Stupine. Potrebno renoviranje. Blizu škole i prodavnice.",192000
1188,Sjenjak,83,3,9,10,1999,0,1,1,plin,useljiv,"3-soban stan, 83 m², Sjenjak.",346000
1189,Sjenjak,61,3,0,3,1962,0,1,1,centralno,za renoviranje,"3-soban stan, 61 m², Sjenjak. Potrebno renoviranje. HITNO, cijena po dogovoru!",189000
1190,Solana,70,3,0,6,2015,1,1,1,struja,renoviran,"3-soban stan, 70 m², Solana. Kompletno renoviran. Blizu škole i prodavnice.",305500
1191,Centar,54,2,0,9,1963,0,0,0,centralno,useljiv,"2-soban stan, 54 m², Centar.",214500
1192,Sjenjak,37,2,4,5,2024,1,1,0,plin,novogradnja,"2-soban stan, 37 m², Sjenjak. Novogradnja, prvi vlasnik. Zgrada ima lift.",264000
1193,Kreka,42,2,7,7,2024,1,1,1,centralno,novogradnja,"2-soban stan, 42 m², Kreka. Novogradnja, prvi vlasnik.",191500
1194,Mejdan,78,4,9,12,2020,1,0,1,struja,za renoviranje,"4-soban stan, 78 m², Mejdan. Potrebno renoviranje.",306000
1195,Slatina,70,3,8,8,2026,1,1,0,plin,novogradnja,"3-soban stan, 70 m², Slatina. Novogradnja, prvi vlasnik. Blizu škole i prodavnice. Zgrada ima lift.",449000
1196,Batva,105,5,4,9,1991,1,0,1,centralno,renoviran,"5-soban stan, 105 m², Batva. Kompletno renoviran. Zgrada ima lift.",360500
1197,Slatina,61,3,3,4,1974,0,1,1,plin,renoviran,"3-soban stan, 61 m², Slatina. Kompletno renoviran. Prelijep pogled na grad.",259000
1198,Kreka,81,3,7,9,1998,1,0,1,plin,useljiv,"3-soban stan, 81 m², Kreka. Zgrada ima lift.",277000
1199,Centar,95,4,5,10,2006,1,0,1,plin,useljiv,"4-soban stan, 95 m², Centar. Zgrada ima lift.",421500
1200,Stupine,85,4,3,3,1977,0,0,0,plin,useljiv,"4-soban stan, 85 m², Stupine.",289000
1201,Centar,48,2,4,4,2017,1,1,1,plin,useljiv,"2-soban stan, 48 m², Centar. Prelijep pogled na grad.",276500
1202,Kula,56,3,0,4,1978,0,1,1,centralno,useljiv,"3-soban stan, 56 m², Kula.",181000
1203,Slatina,63,3,3,3,1986,1,1,0,centralno,useljiv,"3-soban stan, 63 m², Slatina. Prelijep pogled na grad. Zgrada ima lift.",285500
1204,Kreka,42,1,8,8,1972,1,0,1,centralno,renoviran,"1-soban stan, 42 m², Kreka. Kompletno renoviran.",135500
1205,Kreka,71,3,3,10,1974,1,0,0,plin,renoviran,"3-soban stan, 71 m², Kreka. Kompletno renoviran.",235500
1206,Solana,86,3,6,6,2020,1,1,0,centralno,useljiv,"3-soban stan, 86 m², Solana.",387500
1207,Stupine,51,2,5,9,2015,1,1,1,plin,useljiv,"2-soban stan, 51 m², Stupine. Zgrada ima lift.",339500
1208,Centar,120,4,1,3,1966,0,0,1,plin,renoviran,"4-soban stan, 120 m², Centar. Kompletno renoviran. Blizu škole i prodavnice.",436500
1209,Mejdan,54,3,4,4,2022,1,0,1,struja,za renoviranje,"3-soban stan, 54 m², Mejdan. Potrebno renoviranje. Prelijep pogled na grad. Blizu škole i prodavnice. Zgrada ima lift.",215000
1210,Solana,56,3,12,12,2021,1,1,0,struja,za renoviranje,"3-soban stan, 56 m², Solana. Potrebno renoviranje.",209500
1211,Simin Han,55,3,3,7,2007,0,0,1,struja,za renoviranje,"3-soban stan, 55 m², Simin Han. Potrebno renoviranje.",176000
1212,Centar,47,2,4,7,2005,1,0,1,centralno,useljiv,"2-soban stan, 47 m², Centar. Zgrada ima lift.",241000
1213,Kula,69,3,0,6,1976,1,0,1,centralno,za renoviranje,"3-soban stan, 69 m², Kula. Potrebno renoviranje. Zgrada ima lift.",180500
1214,Kreka,60,3,3,5,2011,0,1,0,plin,useljiv,"3-soban stan, 60 m², Kreka.",264500
1215,Solana,107,5,0,4,1986,1,0,0,centralno,useljiv,"5-soban stan, 107 m², Solana. Prelijep pogled na grad. Zgrada ima lift.",407000
1216,Kula,74,4,6,8,2023,1,1,1,struja,novogradnja,"4-soban stan, 74 m², Kula. Novogradnja, prvi vlasnik. Zgrada ima lift.",372000
1217,Kreka,72,3,1,10,2004,1,1,1,plin,useljiv,"3-soban stan, 72 m², Kreka.",250000
1218,Gornja Tuzla,56,3,7,7,1983,1,0,1,struja,useljiv,"3-soban stan, 56 m², Gornja Tuzla.",139000
1219,Slatina,37,1,2,12,2026,1,1,0,centralno,novogradnja,"1-soban stan, 37 m², Slatina. Novogradnja, prvi vlasnik. Zgrada ima lift.",298500
1220,Centar,58,2,2,7,2017,1,1,1,centralno,za renoviranje,"2-soban stan, 58 m², Centar. Potrebno renoviranje. Zgrada ima lift.",377500
1221,Kula,45,1,2,5,1971,0,1,1,plin,renoviran,"1-soban stan, 45 m², Kula. Kompletno renoviran.",142000
1222,Stupine,84,4,1,9,1977,1,0,1,centralno,renoviran,"4-soban stan, 84 m², Stupine. Kompletno renoviran. Zgrada ima lift.",307500
1223,Mejdan,59,3,5,10,1962,1,0,1,plin,useljiv,"3-soban stan, 59 m², Mejdan. Blizu škole i prodavnice. Zgrada ima lift.",230500
1224,Solana,107,4,5,6,2015,1,1,1,centralno,renoviran,"4-soban stan, 107 m², Solana. Kompletno renoviran.",481500
1225,Batva,78,4,5,10,1961,1,0,1,centralno,renoviran,"4-soban stan, 78 m², Batva. Kompletno renoviran. Blizu škole i prodavnice.",274500
1226,Batva,80,4,1,3,1972,0,0,0,centralno,za renoviranje,"4-soban stan, 80 m², Batva. Potrebno renoviranje.",227500
1227,Solana,65,3,4,4,2012,0,1,0,plin,renoviran,"3-soban stan, 65 m², Solana. Kompletno renoviran.",240500
1228,Slatina,65,2,2,4,1976,1,1,0,centralno,useljiv,"2-soban stan, 65 m², Slatina. HITNO, cijena po dogovoru! Zgrada ima lift.",226000
1229,Solana,75,3,3,5,1979,0,0,1,plin,useljiv,"3-soban stan, 75 m², Solana.",253500
1230,Kreka,83,4,4,8,1969,1,0,1,plin,useljiv,"4-soban stan, 83 m², Kreka. Zgrada ima lift.",239000
1231,Mejdan,47,2,0,3,1969,0,0,0,centralno,useljiv,"2-soban stan, 47 m², Mejdan.",166000
1232,Slatina,71,2,7,7,1997,1,0,1,struja,za renoviranje,"2-soban stan, 71 m², Slatina. Potrebno renoviranje. Zgrada ima lift.",209000
1233,Stupine,150,5,10,10,1971,1,1,1,centralno,useljiv,"5-soban stan, 150 m², Stupine. HITNO, cijena po dogovoru! Blizu škole i prodavnice.",466000
1234,Kreka,58,1,7,12,2026,1,1,1,centralno,novogradnja,"1-soban stan, 58 m², Kreka. Novogradnja, prvi vlasnik. Zgrada ima lift.",282000
1235,Stupine,55,2,6,10,1965,0,1,0,plin,useljiv,"2-soban stan, 55 m², Stupine. Blizu škole i prodavnice.",196000
1236,Centar,47,3,5,7,1973,1,1,1,struja,useljiv,"3-soban stan, 47 m², Centar.",190500
1237,Kreka,36,2,6,6,1977,1,0,1,struja,renoviran,"2-soban stan, 36 m², Kreka. Kompletno renoviran.",121000
1238,Brčanska Malta,91,4,9,11,2023,1,0,1,plin,novogradnja,"4-soban stan, 91 m², Brčanska Malta. Novogradnja, prvi vlasnik. Zgrada ima lift.",505500
1239,Kula,61,3,2,8,2007,1,0,1,centralno,renoviran,"3-soban stan, 61 m², Kula. Kompletno renoviran. Prelijep pogled na grad. HITNO, cijena po dogovoru!",255500
1240,Simin Han,67,3,0,7,1964,1,0,1,plin,renoviran,"3-soban stan, 67 m², Simin Han. Kompletno renoviran.",180500
1241,Centar,114,5,8,8,1963,1,1,1,struja,useljiv,"5-soban stan, 114 m², Centar.",401000
1242,Centar,144,5,2,4,1964,0,0,1,struja,useljiv,"5-soban stan, 144 m², Centar.",540000
1243,Sjenjak,44,2,0,4,2007,0,0,1,centralno,renoviran,"2-soban stan, 44 m², Sjenjak. Kompletno renoviran. Blizu škole i prodavnice.",199000
1244,Centar,87,4,3,4,2006,1,0,1,centralno,renoviran,"4-soban stan, 87 m², Centar. Kompletno renoviran. Zgrada ima lift.",478000
1245,Sjenjak,75,4,1,5,1997,0,1,0,plin,useljiv,"4-soban stan, 75 m², Sjenjak. HITNO, cijena po dogovoru! Blizu škole i prodavnice.",313500
1246,Simin Han,69,4,1,9,1988,0,0,1,centralno,useljiv,"4-soban stan, 69 m², Simin Han.",230000
1247,Brčanska Malta,71,3,6,6,1986,1,0,1,centralno,useljiv,"3-soban stan, 71 m², Brčanska Malta. Zgrada ima lift.",277500
1248,Brčanska Malta,60,2,1,6,1993,1,0,0,struja,useljiv,"2-soban stan, 60 m², Brčanska Malta. Zgrada ima lift.",252000
1249,Centar,105,4,6,8,1965,1,0,0,centralno,renoviran,"4-soban stan, 105 m², Centar. Kompletno renoviran. Blizu škole i prodavnice.",427000
1250,Stupine,74,3,0,8,2017,1,1,1,centralno,useljiv,"3-soban stan, 74 m², Stupine. Blizu škole i prodavnice. Zgrada ima lift.",374500
1251,Kreka,68,4,4,10,2018,1,1,1,centralno,renoviran,"4-soban stan, 68 m², Kreka. Kompletno renoviran.",313000
1252,Stupine,93,4,3,7,2008,1,0,1,plin,renoviran,"4-soban stan, 93 m², Stupine. Kompletno renoviran. Blizu škole i prodavnice. Zgrada ima lift.",417000
1253,Batva,82,3,5,8,1973,1,0,1,struja,renoviran,"3-soban stan, 82 m², Batva. Kompletno renoviran. Zgrada ima lift.",296000
1254,Centar,71,3,6,7,1979,1,0,1,centralno,renoviran,"3-soban stan, 71 m², Centar. Kompletno renoviran. Zgrada ima lift.",339500
1255,Solana,67,3,4,8,2026,1,1,1,centralno,novogradnja,"3-soban stan, 67 m², Solana. Novogradnja, prvi vlasnik. Blizu škole i prodavnice.",356500
1256,Stupine,111,5,1,4,2022,1,1,0,plin,useljiv,"5-soban stan, 111 m², Stupine. Blizu škole i prodavnice. Zgrada ima lift.",507000
1257,Mejdan,72,3,5,5,2007,1,0,1,centralno,useljiv,"3-soban stan, 72 m², Mejdan. Zgrada ima lift.",308000
1258,Batva,58,2,8,9,2020,1,0,1,centralno,useljiv,"2-soban stan, 58 m², Batva. Prelijep pogled na grad. HITNO, cijena po dogovoru!",266000
1259,Kula,44,3,3,3,1987,0,0,1,centralno,za renoviranje,"3-soban stan, 44 m², Kula. Potrebno renoviranje. Blizu škole i prodavnice.",148000
1260,Solana,53,2,0,5,2016,1,1,1,plin,useljiv,"2-soban stan, 53 m², Solana.",237000
1261,Simin Han,42,3,0,10,2006,1,0,0,centralno,useljiv,"3-soban stan, 42 m², Simin Han. Blizu škole i prodavnice. Zgrada ima lift.",126000
1262,Slatina,62,3,3,9,1988,1,1,1,centralno,renoviran,"3-soban stan, 62 m², Slatina. Kompletno renoviran. Blizu škole i prodavnice.",291000
1263,Centar,66,3,2,10,2004,1,1,1,centralno,useljiv,"3-soban stan, 66 m², Centar. Blizu škole i prodavnice.",372000
1264,Kula,29,2,1,4,1964,0,0,0,centralno,useljiv,"2-soban stan, 29 m², Kula.",91000
1265,Solana,60,2,3,4,1987,0,1,1,centralno,useljiv,"2-soban stan, 60 m², Solana. Prelijep pogled na grad. HITNO, cijena po dogovoru!",206000
1266,Centar,75,3,11,11,2014,1,1,1,centralno,renoviran,"3-soban stan, 75 m², Centar. Kompletno renoviran. HITNO, cijena po dogovoru! Zgrada ima lift.",526500
1267,Simin Han,64,3,6,7,1989,1,0,1,centralno,useljiv,"3-soban stan, 64 m², Simin Han. Blizu škole i prodavnice. Zgrada ima lift.",217500
1268,Stupine,43,1,1,10,1995,1,0,1,centralno,renoviran,"1-soban stan, 43 m², Stupine. Kompletno renoviran.",205500
1269,Sjenjak,94,4,4,6,1993,1,0,1,centralno,useljiv,"4-soban stan, 94 m², Sjenjak. Blizu škole i prodavnice. Zgrada ima lift.",395500
1270,Batva,47,2,7,8,2023,1,1,1,centralno,novogradnja,"2-soban stan, 47 m², Batva. Novogradnja, prvi vlasnik. Zgrada ima lift.",314500
1271,Brčanska Malta,39,2,3,3,1974,1,0,1,plin,useljiv,"2-soban stan, 39 m², Brčanska Malta.",131500
1272,Solana,41,2,3,6,2006,1,1,1,centralno,useljiv,"2-soban stan, 41 m², Solana. Blizu škole i prodavnice. Zgrada ima lift.",172500
1273,Kula,60,1,0,5,1987,0,1,1,plin,renoviran,"1-soban stan, 60 m², Kula. Kompletno renoviran.",240000
1274,Mejdan,85,4,1,6,1973,1,0,0,struja,za renoviranje,"4-soban stan, 85 m², Mejdan. Potrebno renoviranje. Blizu škole i prodavnice.",241500
1275,Kula,90,3,6,7,1965,1,0,1,centralno,za renoviranje,"3-soban stan, 90 m², Kula. Potrebno renoviranje. Blizu škole i prodavnice. Zgrada ima lift.",242500
1276,Sjenjak,65,3,4,10,1991,1,1,1,centralno,renoviran,"3-soban stan, 65 m², Sjenjak. Kompletno renoviran.",329500
1277,Mejdan,40,1,2,8,1971,1,0,1,centralno,za renoviranje,"1-soban stan, 40 m², Mejdan. Potrebno renoviranje. Zgrada ima lift.",110000
1278,Mejdan,48,2,0,3,1997,0,0,1,centralno,renoviran,"2-soban stan, 48 m², Mejdan. Kompletno renoviran. HITNO, cijena po dogovoru!",187500
1279,Sjenjak,44,3,4,6,1984,1,0,0,centralno,useljiv,"3-soban stan, 44 m², Sjenjak. Zgrada ima lift.",161000
1280,Slatina,56,1,3,4,1985,0,0,0,centralno,useljiv,"1-soban stan, 56 m², Slatina. Blizu škole i prodavnice.",219500
1281,Stupine,32,1,5,5,2023,1,1,1,centralno,novogradnja,"1-soban stan, 32 m², Stupine. Novogradnja, prvi vlasnik.",219000
1282,Stupine,62,3,4,5,1966,0,1,1,centralno,renoviran,"3-soban stan, 62 m², Stupine. Kompletno renoviran. Prelijep pogled na grad.",219500
1283,Sjenjak,75,2,6,8,1998,1,0,1,centralno,renoviran,"2-soban stan, 75 m², Sjenjak. Kompletno renoviran. Zgrada ima lift.",371000
1284,Slatina,57,3,4,10,1986,1,0,0,centralno,renoviran,"3-soban stan, 57 m², Slatina. Kompletno renoviran.",282500
1285,Gornja Tuzla,71,3,6,8,1975,1,0,1,centralno,useljiv,"3-soban stan, 71 m², Gornja Tuzla. Zgrada ima lift.",222000
1286,Gornja Tuzla,43,2,7,8,1984,1,0,1,centralno,renoviran,"2-soban stan, 43 m², Gornja Tuzla. Kompletno renoviran. Zgrada ima lift.",138500
1287,Slatina,36,1,8,8,2020,1,1,0,centralno,useljiv,"1-soban stan, 36 m², Slatina.",227500
1288,Brčanska Malta,48,4,6,7,1975,1,0,0,centralno,useljiv,"4-soban stan, 48 m², Brčanska Malta. Blizu škole i prodavnice. Zgrada ima lift.",164500
1289,Kreka,90,4,8,10,2004,1,0,0,centralno,useljiv,"4-soban stan, 90 m², Kreka. HITNO, cijena po dogovoru! Blizu škole i prodavnice.",298500
1290,Slatina,86,3,4,5,1975,0,0,1,centralno,useljiv,"3-soban stan, 86 m², Slatina. Blizu škole i prodavnice.",270500
1291,Batva,51,2,2,3,1989,1,0,1,centralno,useljiv,"2-soban stan, 51 m², Batva.",231000
1292,Sjenjak,91,4,3,4,1999,0,0,1,centralno,useljiv,"4-soban stan, 91 m², Sjenjak.",328000
1293,Brčanska Malta,54,2,3,5,1965,0,0,1,struja,useljiv,"2-soban stan, 54 m², Brčanska Malta. HITNO, cijena po dogovoru!",187000
1294,Solana,102,4,5,12,2017,1,0,1,centralno,renoviran,"4-soban stan, 102 m², Solana. Kompletno renoviran. HITNO, cijena po dogovoru!",406500
1295,Stupine,71,2,5,8,1989,0,1,1,centralno,useljiv,"2-soban stan, 71 m², Stupine. Blizu škole i prodavnice.",251000
1296,Solana,51,2,0,4,1972,1,0,1,centralno,useljiv,"2-soban stan, 51 m², Solana. Prelijep pogled na grad. Blizu škole i prodavnice.",162000
1297,Brčanska Malta,79,3,2,9,1975,1,0,1,centralno,renoviran,"3-soban stan, 79 m², Brčanska Malta. Kompletno renoviran.",269500
1298,Simin Han,46,1,5,9,2020,1,0,0,struja,renoviran,"1-soban stan, 46 m², Simin Han. Kompletno renoviran.",218000
1299,Brčanska Malta,43,1,4,4,2024,1,1,1,centralno,novogradnja,"1-soban stan, 43 m², Brčanska Malta. Novogradnja, prvi vlasnik. HITNO, cijena po dogovoru!",246000
1300,Kreka,36,1,3,7,1984,1,0,1,struja,renoviran,"1-soban stan, 36 m², Kreka. Kompletno renoviran. HITNO, cijena po dogovoru!",126000
1301,Slatina,66,3,4,9,1976,1,0,1,centralno,useljiv,"3-soban stan, 66 m², Slatina. Prelijep pogled na grad. Zgrada ima lift.",310000
1302,Kula,59,3,1,7,2009,1,0,1,centralno,useljiv,"3-soban stan, 59 m², Kula. Blizu škole i prodavnice.",253500
1303,Slatina,58,2,4,9,1963,1,1,0,struja,renoviran,"2-soban stan, 58 m², Slatina. Kompletno renoviran. Blizu škole i prodavnice.",207000
1304,Sjenjak,52,2,9,12,2019,1,0,1,centralno,useljiv,"2-soban stan, 52 m², Sjenjak. HITNO, cijena po dogovoru! Zgrada ima lift.",260500
1305,Kula,99,4,1,3,1965,0,1,0,centralno,useljiv,"4-soban stan, 99 m², Kula.",289000
1306,Stupine,52,3,4,10,1967,1,0,0,plin,za renoviranje,"3-soban stan, 52 m², Stupine. Potrebno renoviranje. Blizu škole i prodavnice. Zgrada ima lift.",172000
1307,Centar,47,2,3,4,1985,0,1,1,centralno,za renoviranje,"2-soban stan, 47 m², Centar. Potrebno renoviranje. Prelijep pogled na grad. Blizu škole i prodavnice.",190500
1308,Simin Han,93,4,5,7,1986,1,0,0,plin,useljiv,"4-soban stan, 93 m², Simin Han. Zgrada ima lift.",282000
1309,Gornja Tuzla,99,4,3,9,1964,0,0,1,centralno,useljiv,"4-soban stan, 99 m², Gornja Tuzla.",241000
1310,Brčanska Malta,68,2,0,4,1971,0,0,0,centralno,useljiv,"2-soban stan, 68 m², Brčanska Malta.",217500
1311,Slatina,33,1,6,6,2026,1,0,0,centralno,novogradnja,"1-soban stan, 33 m², Slatina. Novogradnja, prvi vlasnik.",254000
1312,Brčanska Malta,49,2,3,12,2017,1,0,1,plin,renoviran,"2-soban stan, 49 m², Brčanska Malta. Kompletno renoviran. Zgrada ima lift.",233500
1313,Centar,74,3,1,3,1961,0,0,0,centralno,renoviran,"3-soban stan, 74 m², Centar. Kompletno renoviran. Prelijep pogled na grad. HITNO, cijena po dogovoru! Blizu škole i prodavnice.",337500
1314,Brčanska Malta,60,3,1,11,2017,1,1,1,centralno,useljiv,"3-soban stan, 60 m², Brčanska Malta. Zgrada ima lift.",314500
1315,Batva,103,5,1,5,1987,0,1,1,centralno,useljiv,"5-soban stan, 103 m², Batva.",384500
1316,Brčanska Malta,37,2,7,7,2021,1,0,1,centralno,renoviran,"2-soban stan, 37 m², Brčanska Malta. Kompletno renoviran. Zgrada ima lift.",198500
1317,Sjenjak,76,3,0,3,1983,0,0,1,plin,renoviran,"3-soban stan, 76 m², Sjenjak. Kompletno renoviran. Prelijep pogled na grad.",293500
1318,Stupine,48,2,4,6,1976,1,0,1,centralno,useljiv,"2-soban stan, 48 m², Stupine. Prelijep pogled na grad.",209500
1319,Kula,95,5,6,7,2004,1,0,0,centralno,useljiv,"5-soban stan, 95 m², Kula. HITNO, cijena po dogovoru!",321500
1320,Sjenjak,58,2,3,10,1987,1,0,0,plin,useljiv,"2-soban stan, 58 m², Sjenjak. Zgrada ima lift.",257000
1321,Simin Han,86,4,2,6,1975,1,0,1,centralno,za renoviranje,"4-soban stan, 86 m², Simin Han. Potrebno renoviranje. Blizu škole i prodavnice.",236500
1322,Mejdan,48,2,0,5,1991,0,1,0,centralno,useljiv,"2-soban stan, 48 m², Mejdan. Prelijep pogled na grad.",186500
1323,Centar,37,2,1,4,1994,0,0,0,struja,renoviran,"2-soban stan, 37 m², Centar. Kompletno renoviran. Prelijep pogled na grad.",216000
1324,Batva,41,2,3,9,1975,0,0,0,struja,useljiv,"2-soban stan, 41 m², Batva. HITNO, cijena po dogovoru! Blizu škole i prodavnice.",123000
1325,Brčanska Malta,49,2,0,6,2014,1,1,1,centralno,useljiv,"2-soban stan, 49 m², Brčanska Malta. Prelijep pogled na grad. Blizu škole i prodavnice. Zgrada ima lift.",218500
1326,Kreka,42,2,5,6,2005,1,0,1,centralno,za renoviranje,"2-soban stan, 42 m², Kreka. Potrebno renoviranje. Blizu škole i prodavnice. Zgrada ima lift.",138500
1327,Kreka,91,4,7,11,2007,1,0,1,plin,za renoviranje,"4-soban stan, 91 m², Kreka. Potrebno renoviranje. Blizu škole i prodavnice.",283000
1328,Centar,96,4,5,5,2010,0,0,0,struja,renoviran,"4-soban stan, 96 m², Centar. Kompletno renoviran. Blizu škole i prodavnice.",389500
1329,Simin Han,66,3,6,9,1975,0,1,0,struja,useljiv,"3-soban stan, 66 m², Simin Han.",160500
1330,Slatina,42,2,0,4,2009,0,0,1,centralno,useljiv,"2-soban stan, 42 m², Slatina.",167000
1331,Kula,58,2,0,6,1974,0,0,0,plin,renoviran,"2-soban stan, 58 m², Kula. Kompletno renoviran. Blizu škole i prodavnice.",166000
1332,Mejdan,47,2,9,9,1971,1,0,1,struja,renoviran,"2-soban stan, 47 m², Mejdan. Kompletno renoviran. Blizu škole i prodavnice.",167500
1333,Slatina,100,4,2,3,1983,0,1,1,centralno,useljiv,"4-soban stan, 100 m², Slatina.",362500
1334,Sjenjak,67,3,1,4,1975,0,1,1,centralno,renoviran,"3-soban stan, 67 m², Sjenjak. Kompletno renoviran. Blizu škole i prodavnice.",295500
1335,Batva,71,4,4,4,1978,0,0,1,plin,useljiv,"4-soban stan, 71 m², Batva. Blizu škole i prodavnice.",174500
1336,Kula,52,3,0,4,1993,0,0,0,struja,useljiv,"3-soban stan, 52 m², Kula.",169000
1337,Brčanska Malta,30,2,6,11,2020,1,0,1,centralno,za renoviranje,"2-soban stan, 30 m², Brčanska Malta. Potrebno renoviranje. Blizu škole i prodavnice. Zgrada ima lift.",134500
1338,Kula,46,1,0,3,1962,0,0,0,centralno,useljiv,"1-soban stan, 46 m², Kula. Prelijep pogled na grad.",143500
1339,Mejdan,41,2,0,3,1989,0,0,1,centralno,useljiv,"2-soban stan, 41 m², Mejdan. HITNO, cijena po dogovoru! Blizu škole i prodavnice.",139500
1340,Kula,68,2,0,6,1967,0,0,1,centralno,za renoviranje,"2-soban stan, 68 m², Kula. Potrebno renoviranje. Blizu škole i prodavnice.",151000
1341,Slatina,62,3,2,8,1994,1,0,1,plin,useljiv,"3-soban stan, 62 m², Slatina.",299000
1342,Brčanska Malta,45,3,2,8,1994,1,0,1,struja,useljiv,"3-soban stan, 45 m², Brčanska Malta. Zgrada ima lift.",177000
1343,Sjenjak,52,2,7,9,1984,0,0,1,centralno,renoviran,"2-soban stan, 52 m², Sjenjak. Kompletno renoviran.",170500
1344,Batva,104,5,5,6,1969,1,1,1,centralno,renoviran,"5-soban stan, 104 m², Batva. Kompletno renoviran.",352500
1345,Centar,43,2,6,7,2004,1,0,1,centralno,useljiv,"2-soban stan, 43 m², Centar.",208000
1346,Sjenjak,44,2,4,9,1989,1,0,0,plin,renoviran,"2-soban stan, 44 m², Sjenjak. Kompletno renoviran.",197000
1347,Stupine,55,2,0,5,1993,0,0,1,struja,useljiv,"2-soban stan, 55 m², Stupine. Blizu škole i prodavnice.",214000
1348,Mejdan,47,2,9,11,2011,1,1,1,plin,renoviran,"2-soban stan, 47 m², Mejdan. Kompletno renoviran. Blizu škole i prodavnice.",286500
1349,Centar,52,2,8,11,2025,1,0,1,plin,novogradnja,"2-soban stan, 52 m², Centar. Novogradnja, prvi vlasnik. Prelijep pogled na grad.",418500
1350,Brčanska Malta,72,4,0,7,1984,1,0,1,centralno,useljiv,"4-soban stan, 72 m², Brčanska Malta. HITNO, cijena po dogovoru! Zgrada ima lift.",199000
1351,Kreka,110,5,6,12,2026,1,0,0,centralno,novogradnja,"5-soban stan, 110 m², Kreka. Novogradnja, prvi vlasnik. Zgrada ima lift.",526500
1352,Slatina,32,1,5,6,1979,1,0,1,centralno,za renoviranje,"1-soban stan, 32 m², Slatina. Potrebno renoviranje. Prelijep pogled na grad. HITNO, cijena po dogovoru! Zgrada ima lift.",114500
1353,Centar,60,2,8,8,1985,1,0,1,plin,renoviran,"2-soban stan, 60 m², Centar. Kompletno renoviran.",253500
1354,Brčanska Malta,61,2,0,3,1971,0,0,0,centralno,renoviran,"2-soban stan, 61 m², Brčanska Malta. Kompletno renoviran.",198500
1355,Stupine,58,2,2,3,1989,1,0,1,centralno,useljiv,"2-soban stan, 58 m², Stupine.",268500
1356,Kreka,56,2,3,10,2026,1,1,1,centralno,novogradnja,"2-soban stan, 56 m², Kreka. Novogradnja, prvi vlasnik. Blizu škole i prodavnice.",263500
1357,Stupine,53,2,7,11,2023,1,0,0,plin,novogradnja,"2-soban stan, 53 m², Stupine. Novogradnja, prvi vlasnik.",344500
1358,Mejdan,85,3,4,4,1984,0,0,0,centralno,useljiv,"3-soban stan, 85 m², Mejdan.",232500
1359,Sjenjak,51,1,2,3,1971,1,0,1,centralno,renoviran,"1-soban stan, 51 m², Sjenjak. Kompletno renoviran.",195500
1360,Centar,57,2,2,3,1988,0,0,1,centralno,useljiv,"2-soban stan, 57 m², Centar. Blizu škole i prodavnice.",330000
1361,Slatina,60,3,10,10,2023,1,1,1,struja,novogradnja,"3-soban stan, 60 m², Slatina. Novogradnja, prvi vlasnik.",338500
1362,Slatina,62,2,2,3,1981,0,1,1,centralno,useljiv,"2-soban stan, 62 m², Slatina.",254500
1363,Kula,57,2,6,7,1971,1,0,1,plin,useljiv,"2-soban stan, 57 m², Kula. Zgrada ima lift.",190500
1364,Solana,85,4,4,6,2019,1,1,1,centralno,renoviran,"4-soban stan, 85 m², Solana. Kompletno renoviran. HITNO, cijena po dogovoru! Blizu škole i prodavnice. Zgrada ima lift.",410500
1365,Mejdan,60,3,3,6,1988,1,0,1,centralno,renoviran,"3-soban stan, 60 m², Mejdan. Kompletno renoviran. Prelijep pogled na grad. Zgrada ima lift.",312500
1366,Simin Han,64,2,2,7,1981,1,0,1,centralno,useljiv,"2-soban stan, 64 m², Simin Han. Prelijep pogled na grad. Zgrada ima lift.",178500
1367,Stupine,59,2,6,7,2026,1,1,1,centralno,novogradnja,"2-soban stan, 59 m², Stupine. Novogradnja, prvi vlasnik. Zgrada ima lift.",391000
1368,Batva,42,2,7,11,2006,1,0,0,struja,renoviran,"2-soban stan, 42 m², Batva. Kompletno renoviran.",159500
1369,Mejdan,45,1,1,3,1961,0,0,1,plin,renoviran,"1-soban stan, 45 m², Mejdan. Kompletno renoviran.",153500
1370,Slatina,42,2,3,8,2025,1,0,0,centralno,novogradnja,"2-soban stan, 42 m², Slatina. Novogradnja, prvi vlasnik. Blizu škole i prodavnice. Zgrada ima lift.",278000
1371,Gornja Tuzla,64,2,7,9,1982,0,0,1,centralno,useljiv,"2-soban stan, 64 m², Gornja Tuzla. Blizu škole i prodavnice.",157000
1372,Simin Han,47,2,5,6,1972,0,0,1,centralno,useljiv,"2-soban stan, 47 m², Simin Han.",117500
1373,Stupine,41,1,8,9,2020,1,1,1,plin,useljiv,"1-soban stan, 41 m², Stupine. Zgrada ima lift.",278000
1374,Slatina,65,2,7,10,1987,1,0,1,struja,useljiv,"2-soban stan, 65 m², Slatina. Blizu škole i prodavnice. Zgrada ima lift.",255500
1375,Gornja Tuzla,72,2,6,6,2008,1,0,0,struja,renoviran,"2-soban stan, 72 m², Gornja Tuzla. Kompletno renoviran. Blizu škole i prodavnice. Zgrada ima lift.",231000
1376,Solana,32,2,10,11,2008,1,0,1,struja,useljiv,"2-soban stan, 32 m², Solana.",137000
1377,Brčanska Malta,108,4,2,8,1973,0,1,1,centralno,useljiv,"4-soban stan, 108 m², Brčanska Malta.",354500
1378,Kreka,61,2,10,12,2022,1,1,0,centralno,useljiv,"2-soban stan, 61 m², Kreka. HITNO, cijena po dogovoru! Zgrada ima lift.",261000
1379,Solana,58,3,0,9,1994,1,0,1,centralno,useljiv,"3-soban stan, 58 m², Solana. Blizu škole i prodavnice. Zgrada ima lift.",202500
1380,Simin Han,87,4,5,5,1965,0,0,1,plin,za renoviranje,"4-soban stan, 87 m², Simin Han. Potrebno renoviranje. Blizu škole i prodavnice.",178500
1381,Brčanska Malta,61,2,3,5,1993,0,0,0,centralno,useljiv,"2-soban stan, 61 m², Brčanska Malta.",246000
1382,Stupine,49,2,0,5,1965,0,1,0,centralno,useljiv,"2-soban stan, 49 m², Stupine. Blizu škole i prodavnice.",165000
1383,Mejdan,129,5,5,11,2021,1,1,0,struja,useljiv,"5-soban stan, 129 m², Mejdan. Zgrada ima lift.",520000
1384,Brčanska Malta,41,2,0,5,2004,1,1,0,centralno,za renoviranje,"2-soban stan, 41 m², Brčanska Malta. Potrebno renoviranje. Blizu škole i prodavnice. Zgrada ima lift.",131000
1385,Kreka,58,2,3,4,1988,1,1,1,struja,za renoviranje,"2-soban stan, 58 m², Kreka. Potrebno renoviranje.",188000
1386,Slatina,81,4,3,8,2020,1,1,1,plin,useljiv,"4-soban stan, 81 m², Slatina.",475500
1387,Mejdan,41,2,3,5,2022,1,0,0,centralno,useljiv,"2-soban stan, 41 m², Mejdan.",215500
1388,Centar,58,2,10,10,2010,1,1,1,plin,useljiv,"2-soban stan, 58 m², Centar. Zgrada ima lift.",281500
1389,Kula,69,2,1,9,1978,1,0,0,plin,renoviran,"2-soban stan, 69 m², Kula. Kompletno renoviran. Blizu škole i prodavnice.",238000
1390,Sjenjak,139,5,4,6,1969,0,1,1,centralno,useljiv,"5-soban stan, 139 m², Sjenjak.",425500
1391,Simin Han,44,2,2,4,2019,1,0,1,plin,useljiv,"2-soban stan, 44 m², Simin Han.",172000
1392,Stupine,59,2,4,7,2026,1,1,1,plin,novogradnja,"2-soban stan, 59 m², Stupine. Novogradnja, prvi vlasnik.",391500
1393,Brčanska Malta,76,4,3,5,1988,0,0,1,centralno,za renoviranje,"4-soban stan, 76 m², Brčanska Malta. Potrebno renoviranje.",285500
1394,Kula,62,3,3,3,1984,1,0,1,plin,useljiv,"3-soban stan, 62 m², Kula. Blizu škole i prodavnice.",200500
1395,Sjenjak,39,2,1,6,1986,1,0,1,plin,useljiv,"2-soban stan, 39 m², Sjenjak. Prelijep pogled na grad. Zgrada ima lift.",199000
1396,Stupine,69,2,4,6,1976,0,0,1,centralno,useljiv,"2-soban stan, 69 m², Stupine. Prelijep pogled na grad.",249000
1397,Mejdan,62,3,6,8,2026,1,0,0,plin,novogradnja,"3-soban stan, 62 m², Mejdan. Novogradnja, prvi vlasnik. Zgrada ima lift.",337000
1398,Simin Han,70,3,1,9,1996,1,0,1,centralno,renoviran,"3-soban stan, 70 m², Simin Han. Kompletno renoviran.",270000
1399,Stupine,89,3,5,5,2011,0,1,0,centralno,useljiv,"3-soban stan, 89 m², Stupine. Prelijep pogled na grad.",480500
1400,Centar,86,3,1,3,1991,0,0,1,centralno,useljiv,"3-soban stan, 86 m², Centar. Prelijep pogled na grad.",430000
1401,Sjenjak,69,3,0,10,1961,1,1,1,centralno,useljiv,"3-soban stan, 69 m², Sjenjak. Zgrada ima lift.",245000
1402,Stupine,67,3,9,10,1967,1,0,1,plin,za renoviranje,"3-soban stan, 67 m², Stupine. Potrebno renoviranje. Zgrada ima lift.",221500
1403,Gornja Tuzla,41,1,4,6,1972,1,0,1,centralno,useljiv,"1-soban stan, 41 m², Gornja Tuzla. Prelijep pogled na grad. Zgrada ima lift.",129000
1404,Gornja Tuzla,57,2,5,6,1983,1,0,1,centralno,renoviran,"2-soban stan, 57 m², Gornja Tuzla. Kompletno renoviran. Zgrada ima lift.",181500
1405,Solana,65,3,0,8,1995,1,0,1,centralno,za renoviranje,"3-soban stan, 65 m², Solana. Potrebno renoviranje. Zgrada ima lift.",186000
1406,Gornja Tuzla,52,2,0,11,2023,1,0,0,centralno,novogradnja,"2-soban stan, 52 m², Gornja Tuzla. Novogradnja, prvi vlasnik.",212000
1407,Brčanska Malta,62,3,12,12,2026,1,0,0,centralno,novogradnja,"3-soban stan, 62 m², Brčanska Malta. Novogradnja, prvi vlasnik. Prelijep pogled na grad. Blizu škole i prodavnice.",341000
1408,Stupine,45,1,9,9,2009,1,0,1,centralno,useljiv,"1-soban stan, 45 m², Stupine. Blizu škole i prodavnice.",194500
1409,Gornja Tuzla,103,3,2,5,1989,0,1,1,centralno,renoviran,"3-soban stan, 103 m², Gornja Tuzla. Kompletno renoviran. Blizu škole i prodavnice.",346500
1410,Kula,127,5,5,10,1985,1,0,1,centralno,useljiv,"5-soban stan, 127 m², Kula. Zgrada ima lift.",436000
1411,Simin Han,52,2,7,7,2006,1,1,1,struja,useljiv,"2-soban stan, 52 m², Simin Han. Prelijep pogled na grad.",197500
1412,Kula,69,3,1,4,1983,0,0,1,plin,useljiv,"3-soban stan, 69 m², Kula. Blizu škole i prodavnice.",264000
1413,Gornja Tuzla,55,3,0,12,2016,1,1,0,struja,useljiv,"3-soban stan, 55 m², Gornja Tuzla.",205500
1414,Slatina,93,5,2,4,2011,0,1,1,centralno,useljiv,"5-soban stan, 93 m², Slatina. Blizu škole i prodavnice.",536500
1415,Kula,70,3,2,3,1962,1,0,0,plin,za renoviranje,"3-soban stan, 70 m², Kula. Potrebno renoviranje.",205000
1416,Sjenjak,62,2,10,10,2014,1,0,1,plin,za renoviranje,"2-soban stan, 62 m², Sjenjak. Potrebno renoviranje. Prelijep pogled na grad. Zgrada ima lift.",292000
1417,Slatina,55,1,0,4,1966,0,0,0,centralno,useljiv,"1-soban stan, 55 m², Slatina.",181000
1418,Slatina,63,3,6,6,1976,1,0,1,centralno,useljiv,"3-soban stan, 63 m², Slatina. Prelijep pogled na grad.",224500
1419,Stupine,42,2,5,6,2026,1,1,1,struja,novogradnja,"2-soban stan, 42 m², Stupine. Novogradnja, prvi vlasnik. Zgrada ima lift.",248500
1420,Sjenjak,76,3,2,7,2005,1,0,0,struja,za renoviranje,"3-soban stan, 76 m², Sjenjak. Potrebno renoviranje. Zgrada ima lift.",277500
1421,Mejdan,47,3,9,10,2022,1,1,1,centralno,renoviran,"3-soban stan, 47 m², Mejdan. Kompletno renoviran. Prelijep pogled na grad.",268500
1422,Mejdan,72,3,7,11,2026,1,1,1,centralno,novogradnja,"3-soban stan, 72 m², Mejdan. Novogradnja, prvi vlasnik. Zgrada ima lift.",417500
1423,Kreka,63,3,6,6,1977,0,1,1,plin,useljiv,"3-soban stan, 63 m², Kreka.",160000
1424,Kula,88,4,0,5,2022,1,1,0,plin,useljiv,"4-soban stan, 88 m², Kula.",384000
1425,Kula,60,2,1,8,1984,1,0,1,plin,useljiv,"2-soban stan, 60 m², Kula. Zgrada ima lift.",194000
1426,Solana,86,3,6,7,1967,1,1,1,centralno,useljiv,"3-soban stan, 86 m², Solana.",289000
1427,Stupine,43,1,7,7,1963,1,1,0,centralno,za renoviranje,"1-soban stan, 43 m², Stupine. Potrebno renoviranje. Prelijep pogled na grad. Blizu škole i prodavnice.",140000
1428,Sjenjak,74,2,0,7,1978,1,1,1,centralno,za renoviranje,"2-soban stan, 74 m², Sjenjak. Potrebno renoviranje.",228000
1429,Centar,55,2,3,8,1992,1,0,1,struja,za renoviranje,"2-soban stan, 55 m², Centar. Potrebno renoviranje.",226000
1430,Mejdan,64,3,6,8,2010,1,1,1,centralno,useljiv,"3-soban stan, 64 m², Mejdan. Blizu škole i prodavnice.",293500
1431,Solana,62,4,7,7,2018,1,0,1,centralno,renoviran,"4-soban stan, 62 m², Solana. Kompletno renoviran.",319000
1432,Centar,83,3,1,5,1976,0,0,1,plin,useljiv,"3-soban stan, 83 m², Centar. Prelijep pogled na grad.",370000
1433,Simin Han,30,1,5,9,2021,1,1,1,plin,useljiv,"1-soban stan, 30 m², Simin Han.",142000
1434,Kreka,67,2,1,6,1977,0,0,1,centralno,useljiv,"2-soban stan, 67 m², Kreka. HITNO, cijena po dogovoru!",177500
1435,Sjenjak,36,2,0,6,1974,1,1,0,centralno,useljiv,"2-soban stan, 36 m², Sjenjak. Zgrada ima lift.",133000
1436,Simin Han,92,4,1,8,2012,0,0,0,struja,useljiv,"4-soban stan, 92 m², Simin Han. Blizu škole i prodavnice.",309500
1437,Sjenjak,30,1,0,6,1987,1,0,1,centralno,za renoviranje,"1-soban stan, 30 m², Sjenjak. Potrebno renoviranje.",111500
1438,Slatina,42,2,9,9,2021,1,1,1,plin,za renoviranje,"2-soban stan, 42 m², Slatina. Potrebno renoviranje.",194000
1439,Sjenjak,33,2,2,4,1974,1,0,0,centralno,useljiv,"2-soban stan, 33 m², Sjenjak.",135500
1440,Stupine,106,3,1,5,1977,0,1,1,centralno,useljiv,"3-soban stan, 106 m², Stupine.",360500
1441,Slatina,38,2,9,9,2020,1,1,1,struja,useljiv,"2-soban stan, 38 m², Slatina.",249000
1442,Slatina,62,3,4,9,2015,1,1,1,plin,renoviran,"3-soban stan, 62 m², Slatina. Kompletno renoviran. Blizu škole i prodavnice.",374000
1443,Solana,50,2,1,9,1974,1,1,1,plin,za renoviranje,"2-soban stan, 50 m², Solana. Potrebno renoviranje.",154500
1444,Slatina,32,1,1,10,1985,0,0,1,centralno,za renoviranje,"1-soban stan, 32 m², Slatina. Potrebno renoviranje. Blizu škole i prodavnice.",127000
1445,Stupine,53,3,4,6,1983,1,1,1,plin,useljiv,"3-soban stan, 53 m², Stupine. Blizu škole i prodavnice.",186000
1446,Solana,76,4,2,5,1964,1,0,1,centralno,za renoviranje,"4-soban stan, 76 m², Solana. Potrebno renoviranje. Zgrada ima lift.",228000
1447,Stupine,56,3,6,6,1981,1,0,1,plin,useljiv,"3-soban stan, 56 m², Stupine. Zgrada ima lift.",189500
1448,Solana,83,3,5,6,2019,1,0,0,struja,useljiv,"3-soban stan, 83 m², Solana. HITNO, cijena po dogovoru! Zgrada ima lift.",321000
1449,Kreka,53,2,2,9,2021,1,0,0,centralno,useljiv,"2-soban stan, 53 m², Kreka. Prelijep pogled na grad. Blizu škole i prodavnice. Zgrada ima lift.",216500
1450,Brčanska Malta,60,3,1,6,1976,1,0,1,plin,renoviran,"3-soban stan, 60 m², Brčanska Malta. Kompletno renoviran.",222500
1451,Mejdan,52,2,4,7,1971,1,0,1,centralno,useljiv,"2-soban stan, 52 m², Mejdan. Blizu škole i prodavnice.",181500
1452,Stupine,68,2,6,8,1979,1,0,1,centralno,renoviran,"2-soban stan, 68 m², Stupine. Kompletno renoviran. Zgrada ima lift.",267000
1453,Centar,117,4,3,9,2010,1,1,0,plin,useljiv,"4-soban stan, 117 m², Centar. Prelijep pogled na grad.",592500
1454,Centar,68,4,3,9,1978,1,1,1,plin,renoviran,"4-soban stan, 68 m², Centar. Kompletno renoviran.",260500
1455,Slatina,64,3,1,5,2023,1,1,1,centralno,novogradnja,"3-soban stan, 64 m², Slatina. Novogradnja, prvi vlasnik. Blizu škole i prodavnice.",483500
1456,Mejdan,48,2,0,7,1961,1,0,1,plin,za renoviranje,"2-soban stan, 48 m², Mejdan. Potrebno renoviranje. Zgrada ima lift.",150500
1457,Kreka,46,2,7,7,1992,1,0,1,plin,renoviran,"2-soban stan, 46 m², Kreka. Kompletno renoviran.",164000
1458,Batva,100,4,8,9,2005,1,1,0,centralno,useljiv,"4-soban stan, 100 m², Batva.",365000
1459,Solana,41,2,5,5,2020,1,1,0,struja,za renoviranje,"2-soban stan, 41 m², Solana. Potrebno renoviranje. Prelijep pogled na grad. HITNO, cijena po dogovoru! Zgrada ima lift.",149000
1460,Kula,44,2,3,9,1991,1,0,1,plin,useljiv,"2-soban stan, 44 m², Kula. Blizu škole i prodavnice. Zgrada ima lift.",182000
1461,Stupine,58,2,3,10,2016,1,1,0,centralno,renoviran,"2-soban stan, 58 m², Stupine. Kompletno renoviran. Prelijep pogled na grad.",451500
1462,Batva,52,3,7,10,1997,1,0,1,struja,useljiv,"3-soban stan, 52 m², Batva.",191000
1463,Stupine,119,5,3,7,1975,0,1,0,centralno,renoviran,"5-soban stan, 119 m², Stupine. Kompletno renoviran.",353500
1464,Centar,26,1,7,7,1984,1,1,1,plin,useljiv,"1-soban stan, 26 m², Centar.",129500
1465,Solana,68,3,6,7,1991,0,0,0,plin,useljiv,"3-soban stan, 68 m², Solana.",216500
1466,Slatina,77,3,3,4,1999,1,0,1,plin,useljiv,"3-soban stan, 77 m², Slatina.",347000
1467,Stupine,41,2,1,8,2022,1,1,1,plin,useljiv,"2-soban stan, 41 m², Stupine.",240500
1468,Centar,48,2,1,4,1992,0,0,1,centralno,useljiv,"2-soban stan, 48 m², Centar.",214000
1469,Brčanska Malta,70,2,0,10,1982,1,0,1,centralno,useljiv,"2-soban stan, 70 m², Brčanska Malta. Zgrada ima lift.",223500
1470,Sjenjak,106,5,3,4,1989,0,1,0,plin,useljiv,"5-soban stan, 106 m², Sjenjak. HITNO, cijena po dogovoru!",362000
1471,Centar,43,1,3,5,1989,0,0,1,centralno,useljiv,"1-soban stan, 43 m², Centar. HITNO, cijena po dogovoru! Blizu škole i prodavnice.",209500
1472,Kula,35,2,5,7,1967,1,0,1,plin,za renoviranje,"2-soban stan, 35 m², Kula. Potrebno renoviranje. Zgrada ima lift.",106000
1473,Stupine,84,3,5,8,1987,1,0,1,plin,useljiv,"3-soban stan, 84 m², Stupine. Prelijep pogled na grad.",360500
1474,Simin Han,102,3,2,10,1997,1,0,0,centralno,renoviran,"3-soban stan, 102 m², Simin Han. Kompletno renoviran.",306000
1475,Sjenjak,53,2,7,7,2010,1,1,1,plin,renoviran,"2-soban stan, 53 m², Sjenjak. Kompletno renoviran.",258500
1476,Batva,28,1,7,7,1986,1,1,1,centralno,renoviran,"1-soban stan, 28 m², Batva. Kompletno renoviran. HITNO, cijena po dogovoru! Zgrada ima lift.",126000
1477,Sjenjak,100,4,1,10,2011,1,1,1,plin,za renoviranje,"4-soban stan, 100 m², Sjenjak. Potrebno renoviranje. Zgrada ima lift.",407500
1478,Kula,56,2,1,6,1988,1,0,1,centralno,za renoviranje,"2-soban stan, 56 m², Kula. Potrebno renoviranje. Prelijep pogled na grad. Zgrada ima lift.",219500
1479,Solana,89,4,5,7,1985,1,0,0,centralno,useljiv,"4-soban stan, 89 m², Solana. Prelijep pogled na grad. Blizu škole i prodavnice.",328000
1480,Simin Han,59,2,0,3,1973,0,0,1,centralno,useljiv,"2-soban stan, 59 m², Simin Han.",163500
1481,Centar,53,2,1,9,2019,1,1,1,centralno,za renoviranje,"2-soban stan, 53 m², Centar. Potrebno renoviranje. Zgrada ima lift.",268500
1482,Sjenjak,51,2,5,10,2026,1,1,0,centralno,novogradnja,"2-soban stan, 51 m², Sjenjak. Novogradnja, prvi vlasnik. Prelijep pogled na grad.",350500
1483,Stupine,100,4,8,11,2005,1,1,1,centralno,renoviran,"4-soban stan, 100 m², Stupine. Kompletno renoviran.",458500
1484,Centar,99,5,2,4,1978,0,1,0,centralno,useljiv,"5-soban stan, 99 m², Centar.",368000
1485,Stupine,28,1,4,7,2007,1,0,0,centralno,renoviran,"1-soban stan, 28 m², Stupine. Kompletno renoviran.",129500
1486,Stupine,43,2,1,6,1986,1,0,0,plin,renoviran,"2-soban stan, 43 m², Stupine. Kompletno renoviran. Zgrada ima lift.",201500
1487,Solana,112,5,2,5,2020,1,0,1,struja,renoviran,"5-soban stan, 112 m², Solana. Kompletno renoviran. Blizu škole i prodavnice.",474500
1488,Simin Han,53,1,3,6,1966,1,0,1,plin,useljiv,"1-soban stan, 53 m², Simin Han.",177500
1489,Kreka,37,1,1,12,2020,1,1,1,centralno,renoviran,"1-soban stan, 37 m², Kreka. Kompletno renoviran. Blizu škole i prodavnice. Zgrada ima lift.",180500
1490,Kula,60,2,2,10,1983,1,0,0,centralno,renoviran,"2-soban stan, 60 m², Kula. Kompletno renoviran.",210000
1491,Slatina,58,2,2,8,2015,1,1,0,plin,useljiv,"2-soban stan, 58 m², Slatina. Blizu škole i prodavnice.",368500
1492,Mejdan,58,3,5,6,1995,0,0,1,centralno,renoviran,"3-soban stan, 58 m², Mejdan. Kompletno renoviran.",221000
1493,Sjenjak,51,1,1,5,1961,0,0,1,plin,useljiv,"1-soban stan, 51 m², Sjenjak. Blizu škole i prodavnice.",171500
1494,Slatina,54,3,4,9,2009,1,0,1,centralno,useljiv,"3-soban stan, 54 m², Slatina. Blizu škole i prodavnice. Zgrada ima lift.",228500
1495,Mejdan,51,2,9,10,1998,1,0,1,plin,useljiv,"2-soban stan, 51 m², Mejdan. Zgrada ima lift.",205500
1496,Simin Han,67,3,2,3,1973,0,0,1,centralno,useljiv,"3-soban stan, 67 m², Simin Han. Prelijep pogled na grad. Blizu škole i prodavnice.",250500
1497,Centar,45,1,3,3,1977,0,0,0,centralno,renoviran,"1-soban stan, 45 m², Centar. Kompletno renoviran. Prelijep pogled na grad.",194000
1498,Slatina,54,2,0,5,1981,1,0,0,centralno,renoviran,"2-soban stan, 54 m², Slatina. Kompletno renoviran. Blizu škole i prodavnice.",191500
1499,Sjenjak,57,2,0,8,1993,1,0,1,centralno,renoviran,"2-soban stan, 57 m², Sjenjak. Kompletno renoviran. Blizu škole i prodavnice. Zgrada ima lift.",246500
1500,Kula,95,4,8,8,1989,1,0,1,centralno,renoviran,"4-soban stan, 95 m², Kula. Kompletno renoviran. HITNO, cijena po dogovoru! Zgrada ima lift.",318000
1501,Brčanska Malta,68,3,3,3,1966,0,0,1,centralno,renoviran,"3-soban stan, 68 m², Brčanska Malta. Kompletno renoviran. Prelijep pogled na grad.",276500
1502,Kula,58,3,1,6,1978,1,0,0,centralno,renoviran,"3-soban stan, 58 m², Kula. Kompletno renoviran. Zgrada ima lift.",194500
1503,Centar,72,3,4,7,2007,1,0,1,plin,za renoviranje,"3-soban stan, 72 m², Centar. Potrebno renoviranje.",295500
1504,Stupine,69,4,2,3,1994,1,1,0,plin,renoviran,"4-soban stan, 69 m², Stupine. Kompletno renoviran. Prelijep pogled na grad. Blizu škole i prodavnice. Zgrada ima lift.",359500
1505,Slatina,88,3,2,9,2010,1,1,0,centralno,renoviran,"3-soban stan, 88 m², Slatina. Kompletno renoviran.",432000
1506,Slatina,72,2,4,5,1985,0,0,0,centralno,renoviran,"2-soban stan, 72 m², Slatina. Kompletno renoviran. Blizu škole i prodavnice.",245500
1507,Simin Han,112,5,8,8,1976,1,0,1,plin,useljiv,"5-soban stan, 112 m², Simin Han. Zgrada ima lift.",265500
1508,Solana,96,3,3,5,2019,1,1,1,centralno,za renoviranje,"3-soban stan, 96 m², Solana. Potrebno renoviranje. Zgrada ima lift.",342000
1509,Kula,59,3,2,3,1976,0,0,0,centralno,renoviran,"3-soban stan, 59 m², Kula. Kompletno renoviran.",196500
1510,Centar,52,2,3,10,1969,1,0,0,centralno,useljiv,"2-soban stan, 52 m², Centar. Zgrada ima lift.",217000
1511,Slatina,82,3,5,5,1988,0,0,0,centralno,useljiv,"3-soban stan, 82 m², Slatina.",277500
1512,Gornja Tuzla,72,3,3,4,1986,0,0,0,centralno,useljiv,"3-soban stan, 72 m², Gornja Tuzla.",236000
1513,Kreka,58,2,1,3,1974,1,0,1,plin,za renoviranje,"2-soban stan, 58 m², Kreka. Potrebno renoviranje. Zgrada ima lift.",147500
1514,Brčanska Malta,36,2,7,9,2026,1,1,1,plin,novogradnja,"2-soban stan, 36 m², Brčanska Malta. Novogradnja, prvi vlasnik. Prelijep pogled na grad.",258000
1515,Slatina,32,1,3,10,1976,0,0,1,centralno,useljiv,"1-soban stan, 32 m², Slatina. Blizu škole i prodavnice.",159500
1516,Slatina,68,3,1,9,1978,1,0,0,centralno,za renoviranje,"3-soban stan, 68 m², Slatina. Potrebno renoviranje. Zgrada ima lift.",222000
1517,Brčanska Malta,79,4,4,9,2010,1,1,1,centralno,useljiv,"4-soban stan, 79 m², Brčanska Malta. Prelijep pogled na grad.",392000
1518,Kreka,79,3,2,7,1971,1,0,1,struja,useljiv,"3-soban stan, 79 m², Kreka. Prelijep pogled na grad. HITNO, cijena po dogovoru! Blizu škole i prodavnice.",230500
1519,Slatina,38,1,0,4,1977,0,0,0,centralno,useljiv,"1-soban stan, 38 m², Slatina. Blizu škole i prodavnice.",124000
1520,Stupine,86,4,1,5,1986,1,1,0,centralno,useljiv,"4-soban stan, 86 m², Stupine. Prelijep pogled na grad.",413500
1521,Centar,50,2,6,10,1971,0,0,1,centralno,useljiv,"2-soban stan, 50 m², Centar.",164500
1522,Stupine,69,3,0,7,2012,1,0,1,centralno,za renoviranje,"3-soban stan, 69 m², Stupine. Potrebno renoviranje. Blizu škole i prodavnice. Zgrada ima lift.",324000
1523,Kreka,69,4,1,5,1972,1,0,1,centralno,za renoviranje,"4-soban stan, 69 m², Kreka. Potrebno renoviranje.",176500
1524,Brčanska Malta,45,1,6,10,2011,1,1,0,centralno,useljiv,"1-soban stan, 45 m², Brčanska Malta.",255500
1525,Solana,49,3,1,7,1964,1,0,1,plin,useljiv,"3-soban stan, 49 m², Solana. Zgrada ima lift.",182500
1526,Centar,29,2,8,8,1999,1,1,1,struja,za renoviranje,"2-soban stan, 29 m², Centar. Potrebno renoviranje. Blizu škole i prodavnice. Zgrada ima lift.",130000
1527,Mejdan,44,2,3,9,2026,1,1,0,plin,novogradnja,"2-soban stan, 44 m², Mejdan. Novogradnja, prvi vlasnik. Zgrada ima lift.",239000
1528,Simin Han,32,1,3,12,2015,1,1,1,centralno,useljiv,"1-soban stan, 32 m², Simin Han. Zgrada ima lift.",173500
1529,Brčanska Malta,70,1,5,12,2025,1,0,1,centralno,novogradnja,"1-soban stan, 70 m², Brčanska Malta. Novogradnja, prvi vlasnik. Prelijep pogled na grad. Zgrada ima lift.",390500
1530,Centar,61,2,5,5,1997,0,0,1,centralno,renoviran,"2-soban stan, 61 m², Centar. Kompletno renoviran.",256000
1531,Mejdan,83,4,1,6,1978,1,0,0,plin,useljiv,"4-soban stan, 83 m², Mejdan. Blizu škole i prodavnice. Zgrada ima lift.",310500
1532,Brčanska Malta,68,2,4,10,1983,1,0,0,centralno,renoviran,"2-soban stan, 68 m², Brčanska Malta. Kompletno renoviran. Zgrada ima lift.",250000
1533,Kula,48,2,2,5,2018,1,1,1,struja,useljiv,"2-soban stan, 48 m², Kula. Prelijep pogled na grad. HITNO, cijena po dogovoru! Zgrada ima lift.",225500
1534,Sjenjak,68,3,6,6,1978,1,0,0,plin,renoviran,"3-soban stan, 68 m², Sjenjak. Kompletno renoviran. Blizu škole i prodavnice.",278500
1535,Stupine,52,2,12,12,2012,0,1,1,plin,useljiv,"2-soban stan, 52 m², Stupine.",244500
1536,Solana,74,4,0,6,1988,1,0,1,struja,useljiv,"4-soban stan, 74 m², Solana. Blizu škole i prodavnice.",259000
1537,Sjenjak,67,2,0,7,2023,1,0,1,centralno,novogradnja,"2-soban stan, 67 m², Sjenjak. Novogradnja, prvi vlasnik.",336500
1538,Kula,42,2,1,5,1984,1,1,1,centralno,useljiv,"2-soban stan, 42 m², Kula. Blizu škole i prodavnice. Zgrada ima lift.",126000
1539,Batva,60,3,9,10,1987,1,0,0,centralno,useljiv,"3-soban stan, 60 m², Batva. Blizu škole i prodavnice. Zgrada ima lift.",246500
1540,Centar,61,2,3,3,1976,0,0,0,plin,za renoviranje,"2-soban stan, 61 m², Centar. Potrebno renoviranje. Blizu škole i prodavnice.",208500
1541,Stupine,54,2,3,8,1993,1,1,0,centralno,renoviran,"2-soban stan, 54 m², Stupine. Kompletno renoviran. Blizu škole i prodavnice.",270500
1542,Centar,82,4,9,9,2024,1,1,0,centralno,novogradnja,"4-soban stan, 82 m², Centar. Novogradnja, prvi vlasnik. Blizu škole i prodavnice. Zgrada ima lift.",602000
1543,Stupine,109,5,2,3,1995,0,0,1,centralno,useljiv,"5-soban stan, 109 m², Stupine.",417000
1544,Stupine,53,2,10,12,2012,1,1,1,centralno,renoviran,"2-soban stan, 53 m², Stupine. Kompletno renoviran. HITNO, cijena po dogovoru! Zgrada ima lift.",298000
1545,Mejdan,53,1,4,5,1991,0,0,1,centralno,useljiv,"1-soban stan, 53 m², Mejdan.",186000
1546,Slatina,27,1,4,6,1965,1,0,1,plin,useljiv,"1-soban stan, 27 m², Slatina. Prelijep pogled na grad. Zgrada ima lift.",116000
1547,Mejdan,57,3,7,9,1998,1,1,0,plin,useljiv,"3-soban stan, 57 m², Mejdan. Prelijep pogled na grad. Blizu škole i prodavnice.",232000
1548,Gornja Tuzla,52,2,2,6,1991,1,0,1,plin,useljiv,"2-soban stan, 52 m², Gornja Tuzla. Blizu škole i prodavnice. Zgrada ima lift.",177000
1549,Centar,28,1,6,6,1998,1,1,1,centralno,za renoviranje,"1-soban stan, 28 m², Centar. Potrebno renoviranje. Prelijep pogled na grad. Blizu škole i prodavnice.",144000
1550,Centar,66,4,9,9,1975,1,0,1,centralno,renoviran,"4-soban stan, 66 m², Centar. Kompletno renoviran. Blizu škole i prodavnice.",301000
1551,Gornja Tuzla,74,3,7,9,1972,1,0,1,plin,za renoviranje,"3-soban stan, 74 m², Gornja Tuzla. Potrebno renoviranje. Zgrada ima lift.",172500
1552,Batva,46,1,3,5,1981,0,0,1,centralno,za renoviranje,"1-soban stan, 46 m², Batva. Potrebno renoviranje.",137000
1553,Mejdan,53,2,0,4,1969,0,1,1,centralno,renoviran,"2-soban stan, 53 m², Mejdan. Kompletno renoviran. Blizu škole i prodavnice.",177000
1554,Slatina,43,2,8,9,1972,1,0,1,centralno,useljiv,"2-soban stan, 43 m², Slatina. Blizu škole i prodavnice. Zgrada ima lift.",167500
1555,Batva,78,3,4,7,1978,1,0,0,centralno,useljiv,"3-soban stan, 78 m², Batva.",286000
1556,Stupine,35,1,2,5,1985,0,0,1,plin,useljiv,"1-soban stan, 35 m², Stupine. Prelijep pogled na grad.",170500
1557,Kreka,54,3,5,5,2022,1,1,1,centralno,za renoviranje,"3-soban stan, 54 m², Kreka. Potrebno renoviranje.",194000
1558,Gornja Tuzla,119,5,5,5,2008,1,0,0,centralno,useljiv,"5-soban stan, 119 m², Gornja Tuzla. Prelijep pogled na grad. Blizu škole i prodavnice.",365500
1559,Slatina,61,2,6,9,1982,1,1,0,centralno,za renoviranje,"2-soban stan, 61 m², Slatina. Potrebno renoviranje.",202500
1560,Centar,71,3,2,3,2004,1,0,1,centralno,useljiv,"3-soban stan, 71 m², Centar. Zgrada ima lift.",331500
1561,Kreka,57,3,1,5,1988,0,0,0,struja,za renoviranje,"3-soban stan, 57 m², Kreka. Potrebno renoviranje.",158000
1562,Slatina,40,1,7,10,1964,1,1,1,centralno,useljiv,"1-soban stan, 40 m², Slatina. Blizu škole i prodavnice.",166500
1563,Brčanska Malta,59,3,9,9,2010,1,0,1,plin,renoviran,"3-soban stan, 59 m², Brčanska Malta. Kompletno renoviran. Blizu škole i prodavnice.",234500
1564,Kreka,69,3,0,5,2006,0,1,1,centralno,za renoviranje,"3-soban stan, 69 m², Kreka. Potrebno renoviranje. HITNO, cijena po dogovoru!",173500
1565,Simin Han,42,1,1,4,2006,0,0,0,plin,useljiv,"1-soban stan, 42 m², Simin Han.",148500
1566,Kreka,68,3,2,6,2016,1,1,0,centralno,useljiv,"3-soban stan, 68 m², Kreka. Zgrada ima lift.",325500
1567,Sjenjak,93,5,2,8,2015,1,0,0,plin,renoviran,"5-soban stan, 93 m², Sjenjak. Kompletno renoviran. Zgrada ima lift.",432000
1568,Gornja Tuzla,87,4,0,4,2017,1,1,0,plin,za renoviranje,"4-soban stan, 87 m², Gornja Tuzla. Potrebno renoviranje. Zgrada ima lift.",271500
1569,Sjenjak,34,1,3,5,1963,0,0,1,centralno,useljiv,"1-soban stan, 34 m², Sjenjak.",146000
1570,Slatina,43,2,1,4,2020,1,1,1,plin,renoviran,"2-soban stan, 43 m², Slatina. Kompletno renoviran. Blizu škole i prodavnice. Zgrada ima lift.",302000
1571,Sjenjak,34,1,0,10,1995,1,0,1,centralno,useljiv,"1-soban stan, 34 m², Sjenjak. Zgrada ima lift.",151500
1572,Slatina,87,3,2,4,1991,0,0,1,struja,za renoviranje,"3-soban stan, 87 m², Slatina. Potrebno renoviranje.",346000
1573,Simin Han,74,3,7,10,1995,1,1,1,plin,useljiv,"3-soban stan, 74 m², Simin Han.",272000
1574,Gornja Tuzla,77,3,2,9,1973,1,0,1,centralno,renoviran,"3-soban stan, 77 m², Gornja Tuzla. Kompletno renoviran.",217000
1575,Stupine,44,2,1,5,1979,1,0,1,plin,renoviran,"2-soban stan, 44 m², Stupine. Kompletno renoviran. Prelijep pogled na grad. Blizu škole i prodavnice.",170000
1576,Stupine,40,2,0,8,2020,1,0,1,centralno,renoviran,"2-soban stan, 40 m², Stupine. Kompletno renoviran.",212000
1577,Mejdan,62,3,4,7,1993,1,1,1,struja,useljiv,"3-soban stan, 62 m², Mejdan. Prelijep pogled na grad. Zgrada ima lift.",251500
1578,Sjenjak,62,2,2,4,2026,1,1,1,centralno,novogradnja,"2-soban stan, 62 m², Sjenjak. Novogradnja, prvi vlasnik. Zgrada ima lift.",358000
1579,Solana,44,2,8,8,1973,1,0,1,plin,useljiv,"2-soban stan, 44 m², Solana.",139000
1580,Solana,63,3,3,3,1997,0,1,0,plin,renoviran,"3-soban stan, 63 m², Solana. Kompletno renoviran. Blizu škole i prodavnice.",253500
1581,Solana,75,3,8,10,1995,1,0,1,centralno,useljiv,"3-soban stan, 75 m², Solana.",293500
1582,Kula,65,3,3,7,1961,0,0,1,centralno,za renoviranje,"3-soban stan, 65 m², Kula. Potrebno renoviranje. Blizu škole i prodavnice.",191000
1583,Kula,42,1,4,6,1999,1,0,1,struja,useljiv,"1-soban stan, 42 m², Kula.",179000
1584,Slatina,29,1,6,7,1988,1,0,0,centralno,useljiv,"1-soban stan, 29 m², Slatina.",137500
1585,Mejdan,55,3,3,3,1986,0,0,1,centralno,renoviran,"3-soban stan, 55 m², Mejdan. Kompletno renoviran. Prelijep pogled na grad.",235500
1586,Centar,64,4,2,5,1978,1,0,1,plin,za renoviranje,"4-soban stan, 64 m², Centar. Potrebno renoviranje.",217500
1587,Gornja Tuzla,55,2,6,6,1992,1,0,1,struja,renoviran,"2-soban stan, 55 m², Gornja Tuzla. Kompletno renoviran. HITNO, cijena po dogovoru! Zgrada ima lift.",175000
1588,Slatina,52,2,5,9,2011,0,0,0,centralno,useljiv,"2-soban stan, 52 m², Slatina. Blizu škole i prodavnice.",274000
1589,Centar,47,1,2,4,2024,1,1,1,centralno,novogradnja,"1-soban stan, 47 m², Centar. Novogradnja, prvi vlasnik. Zgrada ima lift.",341000
1590,Slatina,77,3,2,8,2020,1,1,1,plin,useljiv,"3-soban stan, 77 m², Slatina.",484500
1591,Slatina,59,3,5,7,2026,1,1,1,plin,novogradnja,"3-soban stan, 59 m², Slatina. Novogradnja, prvi vlasnik. Prelijep pogled na grad. Zgrada ima lift.",393500
1592,Kula,63,2,1,11,2022,1,0,0,centralno,za renoviranje,"2-soban stan, 63 m², Kula. Potrebno renoviranje. Blizu škole i prodavnice.",256000
1593,Centar,43,2,4,8,2010,1,0,0,centralno,useljiv,"2-soban stan, 43 m², Centar. Zgrada ima lift.",220500
1594,Stupine,48,2,3,4,1975,0,1,0,centralno,renoviran,"2-soban stan, 48 m², Stupine. Kompletno renoviran.",201000
1595,Kreka,64,3,5,5,1998,0,1,0,struja,renoviran,"3-soban stan, 64 m², Kreka. Kompletno renoviran. Blizu škole i prodavnice.",165500
1596,Kreka,42,1,5,9,1964,1,0,0,struja,za renoviranje,"1-soban stan, 42 m², Kreka. Potrebno renoviranje.",104500
1597,Brčanska Malta,39,2,0,8,1999,1,0,0,centralno,renoviran,"2-soban stan, 39 m², Brčanska Malta. Kompletno renoviran. Prelijep pogled na grad.",175000
1598,Batva,53,1,3,3,1971,0,1,0,centralno,renoviran,"1-soban stan, 53 m², Batva. Kompletno renoviran.",210000
1599,Stupine,91,5,9,9,1995,0,0,1,centralno,renoviran,"5-soban stan, 91 m², Stupine. Kompletno renoviran. Blizu škole i prodavnice.",300500
1600,Kreka,64,3,6,7,2008,1,0,1,centralno,useljiv,"3-soban stan, 64 m², Kreka. Zgrada ima lift.",233500
1601,Simin Han,100,4,6,8,1963,1,0,0,centralno,renoviran,"4-soban stan, 100 m², Simin Han. Kompletno renoviran.",276500
1602,Sjenjak,57,3,6,7,2016,1,0,1,centralno,za renoviranje,"3-soban stan, 57 m², Sjenjak. Potrebno renoviranje. Zgrada ima lift.",262500
1603,Stupine,54,3,7,7,1968,1,0,1,centralno,za renoviranje,"3-soban stan, 54 m², Stupine. Potrebno renoviranje. Zgrada ima lift.",174500
1604,Stupine,37,1,1,3,1989,0,1,0,centralno,useljiv,"1-soban stan, 37 m², Stupine.",198500
1605,Mejdan,49,3,1,8,1976,0,1,1,centralno,useljiv,"3-soban stan, 49 m², Mejdan.",199000
1606,Slatina,99,4,3,10,1966,1,0,1,struja,useljiv,"4-soban stan, 99 m², Slatina.",329000
1607,Centar,67,3,0,5,1989,0,1,1,centralno,useljiv,"3-soban stan, 67 m², Centar.",285500
1608,Mejdan,78,4,2,10,1978,1,1,0,centralno,useljiv,"4-soban stan, 78 m², Mejdan. Blizu škole i prodavnice.",290000
1609,Sjenjak,77,2,3,6,1962,1,0,1,struja,useljiv,"2-soban stan, 77 m², Sjenjak. Blizu škole i prodavnice. Zgrada ima lift.",298000
1610,Slatina,60,3,3,7,2014,1,1,0,centralno,useljiv,"3-soban stan, 60 m², Slatina. Zgrada ima lift.",405500
1611,Mejdan,56,2,1,7,1977,1,0,1,centralno,za renoviranje,"2-soban stan, 56 m², Mejdan. Potrebno renoviranje. Blizu škole i prodavnice. Zgrada ima lift.",165500
1612,Slatina,63,3,7,12,2026,1,1,0,plin,novogradnja,"3-soban stan, 63 m², Slatina. Novogradnja, prvi vlasnik. Blizu škole i prodavnice. Zgrada ima lift.",502500
1613,Mejdan,76,3,3,9,1991,1,1,1,centralno,useljiv,"3-soban stan, 76 m², Mejdan.",364000
1614,Brčanska Malta,70,3,6,6,1988,1,0,1,plin,useljiv,"3-soban stan, 70 m², Brčanska Malta. Zgrada ima lift.",284500
1615,Sjenjak,71,2,2,10,1961,0,0,0,centralno,renoviran,"2-soban stan, 71 m², Sjenjak. Kompletno renoviran.",260000
1616,Stupine,63,2,11,11,2018,1,1,1,struja,za renoviranje,"2-soban stan, 63 m², Stupine. Potrebno renoviranje.",299500
1617,Simin Han,46,2,1,8,1964,1,0,1,centralno,renoviran,"2-soban stan, 46 m², Simin Han. Kompletno renoviran. Blizu škole i prodavnice. Zgrada ima lift.",161500
1618,Sjenjak,55,2,6,8,2016,1,1,1,plin,za renoviranje,"2-soban stan, 55 m², Sjenjak. Potrebno renoviranje. Blizu škole i prodavnice. Zgrada ima lift.",289000
1619,Sjenjak,43,3,5,8,1996,0,0,1,centralno,useljiv,"3-soban stan, 43 m², Sjenjak. Blizu škole i prodavnice.",151000
1620,Kula,85,3,2,4,1985,0,0,0,struja,useljiv,"3-soban stan, 85 m², Kula.",261500
1621,Simin Han,29,1,3,8,1969,1,0,1,plin,useljiv,"1-soban stan, 29 m², Simin Han. Zgrada ima lift.",106500
1622,Gornja Tuzla,56,2,2,8,1985,1,0,0,plin,useljiv,"2-soban stan, 56 m², Gornja Tuzla. Zgrada ima lift.",170000
1623,Gornja Tuzla,138,5,4,6,1968,1,1,0,plin,useljiv,"5-soban stan, 138 m², Gornja Tuzla. Blizu škole i prodavnice.",380500
1624,Brčanska Malta,53,3,2,4,2017,1,0,1,plin,useljiv,"3-soban stan, 53 m², Brčanska Malta. Prelijep pogled na grad. Blizu škole i prodavnice.",262000
1625,Kula,40,2,4,5,2006,0,0,0,plin,renoviran,"2-soban stan, 40 m², Kula. Kompletno renoviran. Blizu škole i prodavnice.",127500
1626,Stupine,60,2,3,10,1973,1,1,1,plin,za renoviranje,"2-soban stan, 60 m², Stupine. Potrebno renoviranje.",204000
1627,Kula,94,4,0,7,1985,1,1,1,centralno,useljiv,"4-soban stan, 94 m², Kula. Blizu škole i prodavnice. Zgrada ima lift.",269000
1628,Stupine,57,2,5,5,1977,1,0,1,centralno,useljiv,"2-soban stan, 57 m², Stupine. Prelijep pogled na grad. Blizu škole i prodavnice. Zgrada ima lift.",228500
1629,Stupine,74,3,5,8,2008,1,1,0,struja,useljiv,"3-soban stan, 74 m², Stupine. Zgrada ima lift.",301500
1630,Stupine,62,3,1,6,1979,1,1,1,centralno,useljiv,"3-soban stan, 62 m², Stupine.",220500
1631,Mejdan,53,2,3,7,1979,0,0,1,centralno,useljiv,"2-soban stan, 53 m², Mejdan.",208000
1632,Centar,160,5,2,5,1973,1,1,0,plin,renoviran,"5-soban stan, 160 m², Centar. Kompletno renoviran.",659500
1633,Brčanska Malta,62,4,5,9,2023,1,1,1,struja,novogradnja,"4-soban stan, 62 m², Brčanska Malta. Novogradnja, prvi vlasnik. Zgrada ima lift.",336500
1634,Simin Han,50,3,1,5,2021,1,1,1,plin,za renoviranje,"3-soban stan, 50 m², Simin Han. Potrebno renoviranje.",202500
1635,Simin Han,51,2,4,4,1985,0,1,1,plin,useljiv,"2-soban stan, 51 m², Simin Han.",117500
1636,Stupine,69,3,1,5,2014,1,1,1,centralno,useljiv,"3-soban stan, 69 m², Stupine.",411500
1637,Brčanska Malta,69,3,2,8,1984,1,0,0,centralno,useljiv,"3-soban stan, 69 m², Brčanska Malta. Zgrada ima lift.",237000
1638,Gornja Tuzla,79,3,7,9,1977,1,0,0,centralno,useljiv,"3-soban stan, 79 m², Gornja Tuzla.",234000
1639,Centar,63,2,0,12,2021,1,1,0,centralno,renoviran,"2-soban stan, 63 m², Centar. Kompletno renoviran. Zgrada ima lift.",404000
1640,Stupine,36,1,1,8,1964,0,0,1,centralno,useljiv,"1-soban stan, 36 m², Stupine.",159000
1641,Slatina,72,3,0,4,2018,1,0,0,plin,za renoviranje,"3-soban stan, 72 m², Slatina. Potrebno renoviranje.",294000
1642,Sjenjak,54,2,1,4,2024,1,1,1,centralno,novogradnja,"2-soban stan, 54 m², Sjenjak. Novogradnja, prvi vlasnik.",321500
1643,Stupine,54,2,5,5,1965,0,1,1,struja,useljiv,"2-soban stan, 54 m², Stupine.",150000
1644,Batva,36,2,0,5,2017,1,1,1,plin,useljiv,"2-soban stan, 36 m², Batva. Blizu škole i prodavnice. Zgrada ima lift.",192000
1645,Slatina,49,2,5,9,2015,1,0,0,centralno,renoviran,"2-soban stan, 49 m², Slatina. Kompletno renoviran. Blizu škole i prodavnice.",344000
1646,Brčanska Malta,47,2,8,8,1961,1,0,0,centralno,useljiv,"2-soban stan, 47 m², Brčanska Malta.",156000
1647,Batva,59,1,0,4,1985,0,0,1,centralno,renoviran,"1-soban stan, 59 m², Batva. Kompletno renoviran.",204000
1648,Kula,36,1,8,9,1972,1,0,0,centralno,za renoviranje,"1-soban stan, 36 m², Kula. Potrebno renoviranje. Zgrada ima lift.",110500
1649,Stupine,61,2,4,7,1989,1,0,0,centralno,useljiv,"2-soban stan, 61 m², Stupine. Blizu škole i prodavnice. Zgrada ima lift.",258500
1650,Kula,63,2,3,9,1989,1,0,1,centralno,za renoviranje,"2-soban stan, 63 m², Kula. Potrebno renoviranje. Zgrada ima lift.",233500
1651,Simin Han,41,1,5,6,1981,1,1,0,centralno,useljiv,"1-soban stan, 41 m², Simin Han. Blizu škole i prodavnice.",133000
1652,Kula,48,2,5,5,1964,1,0,1,centralno,renoviran,"2-soban stan, 48 m², Kula. Kompletno renoviran. Prelijep pogled na grad. Blizu škole i prodavnice.",187000
1653,Centar,44,1,4,10,1973,1,0,1,struja,za renoviranje,"1-soban stan, 44 m², Centar. Potrebno renoviranje. Blizu škole i prodavnice.",184500
1654,Solana,82,4,1,6,1979,1,0,1,centralno,useljiv,"4-soban stan, 82 m², Solana.",261000
1655,Batva,25,1,4,9,2004,1,0,1,centralno,za renoviranje,"1-soban stan, 25 m², Batva. Potrebno renoviranje. Zgrada ima lift.",102500
1656,Slatina,53,3,1,5,2008,1,0,0,struja,za renoviranje,"3-soban stan, 53 m², Slatina. Potrebno renoviranje. HITNO, cijena po dogovoru! Zgrada ima lift.",176500
1657,Mejdan,34,1,2,4,2012,0,1,0,centralno,za renoviranje,"1-soban stan, 34 m², Mejdan. Potrebno renoviranje.",173500
1658,Sjenjak,52,1,4,7,1999,1,0,1,struja,useljiv,"1-soban stan, 52 m², Sjenjak. Prelijep pogled na grad. Zgrada ima lift.",193000
1659,Sjenjak,81,3,4,5,2023,1,1,1,plin,novogradnja,"3-soban stan, 81 m², Sjenjak. Novogradnja, prvi vlasnik.",502000
1660,Stupine,48,2,1,5,1995,0,0,1,plin,useljiv,"2-soban stan, 48 m², Stupine. Blizu škole i prodavnice.",199000
1661,Slatina,63,3,4,4,1974,0,1,0,plin,useljiv,"3-soban stan, 63 m², Slatina.",201000
1662,Mejdan,45,2,7,7,1969,1,1,1,centralno,useljiv,"2-soban stan, 45 m², Mejdan.",169000
1663,Simin Han,118,5,10,11,2009,1,0,0,centralno,renoviran,"5-soban stan, 118 m², Simin Han. Kompletno renoviran.",426500
1664,Mejdan,83,4,7,7,1995,1,0,1,plin,renoviran,"4-soban stan, 83 m², Mejdan. Kompletno renoviran. Blizu škole i prodavnice.",345000
1665,Centar,89,4,2,9,1971,1,1,0,centralno,useljiv,"4-soban stan, 89 m², Centar. Zgrada ima lift.",407500
1666,Sjenjak,38,2,0,4,1983,0,0,1,plin,useljiv,"2-soban stan, 38 m², Sjenjak.",133500
1667,Stupine,41,2,5,10,2020,1,1,0,centralno,za renoviranje,"2-soban stan, 41 m², Stupine. Potrebno renoviranje. Prelijep pogled na grad. Blizu škole i prodavnice.",200000
1668,Centar,88,4,1,3,1992,0,0,0,centralno,renoviran,"4-soban stan, 88 m², Centar. Kompletno renoviran. Blizu škole i prodavnice.",460000
1669,Solana,56,3,5,6,1976,0,0,0,centralno,renoviran,"3-soban stan, 56 m², Solana. Kompletno renoviran.",160500
1670,Slatina,55,3,5,12,2014,0,1,1,struja,za renoviranje,"3-soban stan, 55 m², Slatina. Potrebno renoviranje.",226000
1671,Batva,67,3,3,6,1988,1,0,0,struja,renoviran,"3-soban stan, 67 m², Batva. Kompletno renoviran.",275500
1672,Slatina,39,2,8,8,1961,1,0,0,struja,renoviran,"2-soban stan, 39 m², Slatina. Kompletno renoviran.",161000
1673,Centar,79,3,7,10,1967,1,0,1,centralno,renoviran,"3-soban stan, 79 m², Centar. Kompletno renoviran. Blizu škole i prodavnice. Zgrada ima lift.",397500
1674,Kreka,60,4,5,5,2026,1,1,1,plin,novogradnja,"4-soban stan, 60 m², Kreka. Novogradnja, prvi vlasnik. Zgrada ima lift.",326000
1675,Solana,71,3,2,5,1962,1,0,1,centralno,useljiv,"3-soban stan, 71 m², Solana. Blizu škole i prodavnice.",228500
1676,Stupine,47,2,0,8,2017,1,1,1,centralno,renoviran,"2-soban stan, 47 m², Stupine. Kompletno renoviran. Prelijep pogled na grad.",282000
1677,Mejdan,72,3,4,10,1964,1,1,1,plin,za renoviranje,"3-soban stan, 72 m², Mejdan. Potrebno renoviranje. Blizu škole i prodavnice. Zgrada ima lift.",234500
1678,Mejdan,47,2,3,3,1988,1,0,0,centralno,za renoviranje,"2-soban stan, 47 m², Mejdan. Potrebno renoviranje. Zgrada ima lift.",155500
1679,Stupine,84,4,0,7,1971,1,1,1,plin,renoviran,"4-soban stan, 84 m², Stupine. Kompletno renoviran. Zgrada ima lift.",316000
1680,Brčanska Malta,89,3,2,3,1982,0,1,1,centralno,useljiv,"3-soban stan, 89 m², Brčanska Malta. Prelijep pogled na grad.",292500
1681,Simin Han,83,2,0,3,1964,1,0,0,struja,renoviran,"2-soban stan, 83 m², Simin Han. Kompletno renoviran.",232500
1682,Simin Han,72,3,5,10,1989,0,0,1,plin,useljiv,"3-soban stan, 72 m², Simin Han. Blizu škole i prodavnice.",207500
1683,Kula,75,2,2,10,2009,1,0,0,centralno,renoviran,"2-soban stan, 75 m², Kula. Kompletno renoviran.",274000
1684,Centar,24,1,3,8,1992,1,0,1,centralno,useljiv,"1-soban stan, 24 m², Centar. Zgrada ima lift.",136500
1685,Stupine,80,3,5,7,1977,1,0,1,centralno,useljiv,"3-soban stan, 80 m², Stupine.",347500
1686,Sjenjak,55,3,5,5,2016,1,1,1,centralno,renoviran,"3-soban stan, 55 m², Sjenjak. Kompletno renoviran. Zgrada ima lift.",293500
1687,Kula,62,3,4,12,2017,1,1,1,struja,za renoviranje,"3-soban stan, 62 m², Kula. Potrebno renoviranje. Blizu škole i prodavnice.",280500
1688,Mejdan,54,2,0,6,1984,1,0,0,plin,za renoviranje,"2-soban stan, 54 m², Mejdan. Potrebno renoviranje. Zgrada ima lift.",165500
1689,Sjenjak,37,1,0,5,1986,1,0,1,plin,useljiv,"1-soban stan, 37 m², Sjenjak. Blizu škole i prodavnice. Zgrada ima lift.",158500
1690,Gornja Tuzla,50,1,1,4,1963,0,0,1,struja,useljiv,"1-soban stan, 50 m², Gornja Tuzla. Blizu škole i prodavnice.",135500
1691,Centar,76,3,5,9,1969,1,0,0,plin,useljiv,"3-soban stan, 76 m², Centar. Prelijep pogled na grad. Zgrada ima lift.",359500
1692,Slatina,99,4,1,9,1984,1,0,1,plin,useljiv,"4-soban stan, 99 m², Slatina. Prelijep pogled na grad. Blizu škole i prodavnice. Zgrada ima lift.",403500
1693,Slatina,48,1,8,10,1962,1,0,1,plin,useljiv,"1-soban stan, 48 m², Slatina.",213500
1694,Solana,44,2,1,4,2026,1,1,1,centralno,novogradnja,"2-soban stan, 44 m², Solana. Novogradnja, prvi vlasnik. Zgrada ima lift.",258500
1695,Stupine,100,4,3,9,2012,1,0,0,struja,renoviran,"4-soban stan, 100 m², Stupine. Kompletno renoviran.",491500
1696,Centar,44,2,8,10,1971,0,1,1,centralno,useljiv,"2-soban stan, 44 m², Centar.",189000
1697,Mejdan,124,5,5,9,1997,1,0,1,plin,useljiv,"5-soban stan, 124 m², Mejdan. Blizu škole i prodavnice. Zgrada ima lift.",410500
1698,Brčanska Malta,61,3,7,8,1973,1,0,1,centralno,useljiv,"3-soban stan, 61 m², Brčanska Malta. Blizu škole i prodavnice.",214500
1699,Stupine,44,1,0,11,2026,1,1,1,plin,novogradnja,"1-soban stan, 44 m², Stupine. Novogradnja, prvi vlasnik. HITNO, cijena po dogovoru! Blizu škole i prodavnice.",245000
1700,Gornja Tuzla,85,3,0,6,1981,1,0,0,struja,renoviran,"3-soban stan, 85 m², Gornja Tuzla. Kompletno renoviran.",222000
1701,Stupine,109,4,9,10,2005,1,0,1,centralno,useljiv,"4-soban stan, 109 m², Stupine. Prelijep pogled na grad. Zgrada ima lift.",441000
1702,Kula,36,2,2,10,1977,1,1,0,centralno,useljiv,"2-soban stan, 36 m², Kula.",143000
1703,Stupine,104,5,5,10,1985,1,0,0,centralno,za renoviranje,"5-soban stan, 104 m², Stupine. Potrebno renoviranje. Blizu škole i prodavnice.",319500
1704,Kreka,54,2,7,10,2005,1,0,1,centralno,useljiv,"2-soban stan, 54 m², Kreka. Prelijep pogled na grad. Zgrada ima lift.",209500
1705,Stupine,101,4,3,3,1986,0,0,1,struja,renoviran,"4-soban stan, 101 m², Stupine. Kompletno renoviran.",359000
1706,Simin Han,53,2,1,8,1965,1,0,0,plin,za renoviranje,"2-soban stan, 53 m², Simin Han. Potrebno renoviranje. Blizu škole i prodavnice.",142500
1707,Gornja Tuzla,35,2,2,3,1987,0,0,1,plin,useljiv,"2-soban stan, 35 m², Gornja Tuzla.",132000
1708,Stupine,72,3,0,10,2021,1,1,0,centralno,useljiv,"3-soban stan, 72 m², Stupine. Zgrada ima lift.",353000
1709,Centar,83,4,3,3,1981,0,1,0,struja,renoviran,"4-soban stan, 83 m², Centar. Kompletno renoviran.",333500
1710,Batva,125,5,11,12,2022,1,0,1,plin,useljiv,"5-soban stan, 125 m², Batva. Blizu škole i prodavnice.",615500
1711,Sjenjak,110,4,2,6,1993,1,0,1,centralno,useljiv,"4-soban stan, 110 m², Sjenjak. Blizu škole i prodavnice.",428500
1712,Sjenjak,77,4,0,4,2021,1,1,1,centralno,useljiv,"4-soban stan, 77 m², Sjenjak.",377000
1713,Simin Han,55,2,8,8,1968,0,0,1,centralno,useljiv,"2-soban stan, 55 m², Simin Han.",128500
1714,Sjenjak,50,2,5,5,1993,1,0,1,plin,useljiv,"2-soban stan, 50 m², Sjenjak. Blizu škole i prodavnice. Zgrada ima lift.",201000
1715,Sjenjak,54,2,4,6,1988,1,0,0,centralno,renoviran,"2-soban stan, 54 m², Sjenjak. Kompletno renoviran. Zgrada ima lift.",248000
1716,Sjenjak,45,2,5,9,1989,1,0,1,struja,useljiv,"2-soban stan, 45 m², Sjenjak. HITNO, cijena po dogovoru! Zgrada ima lift.",166500
1717,Sjenjak,55,2,3,7,2023,1,1,1,plin,novogradnja,"2-soban stan, 55 m², Sjenjak. Novogradnja, prvi vlasnik. Prelijep pogled na grad.",366500
1718,Mejdan,25,1,3,7,1961,0,1,1,centralno,renoviran,"1-soban stan, 25 m², Mejdan. Kompletno renoviran. Blizu škole i prodavnice.",126000
1719,Stupine,64,2,6,8,1987,1,0,1,centralno,useljiv,"2-soban stan, 64 m², Stupine. Blizu škole i prodavnice. Zgrada ima lift.",303000
1720,Slatina,59,2,3,10,1978,1,1,1,centralno,useljiv,"2-soban stan, 59 m², Slatina. Prelijep pogled na grad. Blizu škole i prodavnice.",250500
1721,Slatina,147,5,1,9,2026,1,1,0,centralno,novogradnja,"5-soban stan, 147 m², Slatina. Novogradnja, prvi vlasnik. Prelijep pogled na grad. Zgrada ima lift.",935500
1722,Stupine,78,3,3,8,2015,1,0,1,plin,za renoviranje,"3-soban stan, 78 m², Stupine. Potrebno renoviranje. Blizu škole i prodavnice.",332500
1723,Simin Han,51,2,6,8,1976,1,0,1,centralno,useljiv,"2-soban stan, 51 m², Simin Han. Zgrada ima lift.",171000
1724,Centar,73,3,7,7,1972,1,0,0,struja,useljiv,"3-soban stan, 73 m², Centar. Zgrada ima lift.",277000
1725,Stupine,39,2,7,10,1966,0,0,1,centralno,useljiv,"2-soban stan, 39 m², Stupine.",125000
1726,Batva,49,3,4,7,1977,1,0,1,centralno,renoviran,"3-soban stan, 49 m², Batva. Kompletno renoviran. Prelijep pogled na grad.",178500
1727,Slatina,31,1,1,6,2024,1,1,1,centralno,novogradnja,"1-soban stan, 31 m², Slatina. Novogradnja, prvi vlasnik. Prelijep pogled na grad.",276000
1728,Stupine,99,4,1,8,2019,1,0,0,plin,useljiv,"4-soban stan, 99 m², Stupine. Blizu škole i prodavnice.",498000
1729,Mejdan,74,2,8,12,2014,0,0,1,plin,useljiv,"2-soban stan, 74 m², Mejdan.",318500
1730,Sjenjak,40,1,3,5,1983,0,0,1,struja,useljiv,"1-soban stan, 40 m², Sjenjak.",144000
1731,Kula,59,2,5,7,1986,1,0,1,centralno,useljiv,"2-soban stan, 59 m², Kula. Blizu škole i prodavnice.",250000
1732,Solana,84,2,3,10,1997,1,0,1,centralno,za renoviranje,"2-soban stan, 84 m², Solana. Potrebno renoviranje. Zgrada ima lift.",294500
1733,Kreka,71,2,5,5,2022,1,1,1,plin,renoviran,"2-soban stan, 71 m², Kreka. Kompletno renoviran. Blizu škole i prodavnice. Zgrada ima lift.",257000
1734,Mejdan,69,3,8,8,1962,0,0,1,centralno,za renoviranje,"3-soban stan, 69 m², Mejdan. Potrebno renoviranje.",182000
1735,Sjenjak,44,2,0,5,1974,0,1,1,centralno,useljiv,"2-soban stan, 44 m², Sjenjak. Blizu škole i prodavnice.",142500
1736,Mejdan,48,2,1,9,1998,1,1,1,plin,useljiv,"2-soban stan, 48 m², Mejdan. Blizu škole i prodavnice. Zgrada ima lift.",233500
1737,Stupine,62,2,0,5,1971,1,0,1,plin,za renoviranje,"2-soban stan, 62 m², Stupine. Potrebno renoviranje. Zgrada ima lift.",176500
1738,Solana,83,5,2,5,2025,1,1,1,struja,novogradnja,"5-soban stan, 83 m², Solana. Novogradnja, prvi vlasnik. Prelijep pogled na grad. HITNO, cijena po dogovoru!",402000
1739,Centar,45,2,3,7,1963,1,1,1,centralno,renoviran,"2-soban stan, 45 m², Centar. Kompletno renoviran.",213500
1740,Stupine,41,1,0,4,2026,1,0,1,struja,novogradnja,"1-soban stan, 41 m², Stupine. Novogradnja, prvi vlasnik. Zgrada ima lift.",216000
1741,Brčanska Malta,90,5,7,9,1978,1,0,1,centralno,useljiv,"5-soban stan, 90 m², Brčanska Malta.",328500
1742,Batva,43,2,2,9,1976,1,0,0,plin,za renoviranje,"2-soban stan, 43 m², Batva. Potrebno renoviranje. Blizu škole i prodavnice. Zgrada ima lift.",129500
1743,Slatina,87,3,3,9,1984,1,0,1,centralno,za renoviranje,"3-soban stan, 87 m², Slatina. Potrebno renoviranje. Zgrada ima lift.",270000
1744,Solana,65,3,4,6,1996,1,0,1,centralno,renoviran,"3-soban stan, 65 m², Solana. Kompletno renoviran. Zgrada ima lift.",246000
1745,Mejdan,82,3,1,5,2026,1,1,0,centralno,novogradnja,"3-soban stan, 82 m², Mejdan. Novogradnja, prvi vlasnik. Prelijep pogled na grad.",551000
1746,Brčanska Malta,110,5,6,9,1988,1,1,1,plin,useljiv,"5-soban stan, 110 m², Brčanska Malta. Blizu škole i prodavnice.",424500
1747,Centar,76,3,1,5,2020,1,1,1,centralno,useljiv,"3-soban stan, 76 m², Centar. Zgrada ima lift.",480000
1748,Kreka,79,3,9,9,2025,1,1,0,centralno,novogradnja,"3-soban stan, 79 m², Kreka. Novogradnja, prvi vlasnik. Blizu škole i prodavnice.",403500
1749,Centar,44,2,0,4,2022,1,1,1,centralno,useljiv,"2-soban stan, 44 m², Centar. Zgrada ima lift.",297000
1750,Mejdan,47,2,0,5,1981,0,0,1,centralno,useljiv,"2-soban stan, 47 m², Mejdan.",157000
1751,Kreka,75,3,0,3,1988,0,1,0,centralno,useljiv,"3-soban stan, 75 m², Kreka.",257500
1752,Solana,103,4,4,8,1966,1,1,0,centralno,useljiv,"4-soban stan, 103 m², Solana.",314000
1753,Kreka,98,5,3,7,1982,1,1,1,plin,useljiv,"5-soban stan, 98 m², Kreka. Zgrada ima lift.",228500
1754,Gornja Tuzla,135,5,1,10,1983,1,0,0,centralno,useljiv,"5-soban stan, 135 m², Gornja Tuzla. Zgrada ima lift.",367500
1755,Stupine,67,3,2,7,1974,1,0,0,centralno,za renoviranje,"3-soban stan, 67 m², Stupine. Potrebno renoviranje. Zgrada ima lift.",203500
1756,Centar,64,3,5,7,2019,1,1,0,centralno,useljiv,"3-soban stan, 64 m², Centar. Zgrada ima lift.",506500
1757,Sjenjak,85,4,0,4,1975,0,0,1,centralno,za renoviranje,"4-soban stan, 85 m², Sjenjak. Potrebno renoviranje.",232000
1758,Centar,60,2,1,10,1979,1,1,1,plin,useljiv,"2-soban stan, 60 m², Centar. Zgrada ima lift.",281000
1759,Solana,59,3,0,4,1969,0,0,1,centralno,renoviran,"3-soban stan, 59 m², Solana. Kompletno renoviran.",181000
1760,Centar,42,2,8,8,1966,1,0,1,centralno,renoviran,"2-soban stan, 42 m², Centar. Kompletno renoviran. Blizu škole i prodavnice.",169000
1761,Slatina,85,4,9,12,2010,1,1,1,plin,useljiv,"4-soban stan, 85 m², Slatina. Zgrada ima lift.",384500
1762,Stupine,41,3,2,4,1998,0,1,1,centralno,za renoviranje,"3-soban stan, 41 m², Stupine. Potrebno renoviranje.",192500
1763,Centar,72,3,3,6,1991,1,0,1,centralno,useljiv,"3-soban stan, 72 m², Centar. Prelijep pogled na grad. Zgrada ima lift.",393000
1764,Sjenjak,37,2,2,3,1984,1,0,0,centralno,useljiv,"2-soban stan, 37 m², Sjenjak. Zgrada ima lift.",131500
1765,Centar,88,4,0,11,2026,1,1,1,struja,novogradnja,"4-soban stan, 88 m², Centar. Novogradnja, prvi vlasnik. Prelijep pogled na grad.",647000
1766,Kreka,42,2,4,10,1981,0,0,1,centralno,za renoviranje,"2-soban stan, 42 m², Kreka. Potrebno renoviranje. HITNO, cijena po dogovoru! Blizu škole i prodavnice.",93500
1767,Kula,81,4,3,9,1987,1,0,1,centralno,za renoviranje,"4-soban stan, 81 m², Kula. Potrebno renoviranje. Prelijep pogled na grad.",271000
1768,Mejdan,34,2,3,8,2004,1,0,0,centralno,useljiv,"2-soban stan, 34 m², Mejdan. Blizu škole i prodavnice. Zgrada ima lift.",159000
1769,Gornja Tuzla,51,3,4,4,2024,1,1,1,centralno,novogradnja,"3-soban stan, 51 m², Gornja Tuzla. Novogradnja, prvi vlasnik. Zgrada ima lift.",232500
1770,Simin Han,91,5,8,9,2014,1,0,1,centralno,useljiv,"5-soban stan, 91 m², Simin Han.",335000
1771,Slatina,45,2,5,6,2026,1,1,1,plin,novogradnja,"2-soban stan, 45 m², Slatina. Novogradnja, prvi vlasnik. Prelijep pogled na grad. Blizu škole i prodavnice.",336500
1772,Gornja Tuzla,61,2,5,6,1972,0,0,1,centralno,useljiv,"2-soban stan, 61 m², Gornja Tuzla. Blizu škole i prodavnice.",131500
1773,Kreka,51,3,3,5,2026,1,1,1,centralno,novogradnja,"3-soban stan, 51 m², Kreka. Novogradnja, prvi vlasnik. Blizu škole i prodavnice.",271000
1774,Brčanska Malta,27,1,4,10,2016,1,0,1,plin,useljiv,"1-soban stan, 27 m², Brčanska Malta. Prelijep pogled na grad. Zgrada ima lift.",164500
1775,Slatina,67,3,2,6,1985,1,1,0,plin,za renoviranje,"3-soban stan, 67 m², Slatina. Potrebno renoviranje. Prelijep pogled na grad. Blizu škole i prodavnice.",227000
1776,Kreka,70,3,6,7,2016,1,1,1,struja,useljiv,"3-soban stan, 70 m², Kreka.",311000
1777,Solana,41,2,1,5,2024,1,1,1,plin,novogradnja,"2-soban stan, 41 m², Solana. Novogradnja, prvi vlasnik. Blizu škole i prodavnice.",244000
1778,Slatina,73,3,4,11,2009,1,0,0,struja,za renoviranje,"3-soban stan, 73 m², Slatina. Potrebno renoviranje.",281500
1779,Centar,45,2,1,5,2008,1,1,1,centralno,za renoviranje,"2-soban stan, 45 m², Centar. Potrebno renoviranje. Prelijep pogled na grad.",242000
1780,Kreka,42,2,0,9,2020,1,1,1,plin,za renoviranje,"2-soban stan, 42 m², Kreka. Potrebno renoviranje.",145000
1781,Brčanska Malta,60,3,5,12,2017,1,0,1,centralno,za renoviranje,"3-soban stan, 60 m², Brčanska Malta. Potrebno renoviranje. Prelijep pogled na grad.",253000
1782,Stupine,47,2,1,7,2020,1,1,0,centralno,useljiv,"2-soban stan, 47 m², Stupine. Zgrada ima lift.",298000
1783,Batva,134,5,3,9,1965,1,0,1,struja,renoviran,"5-soban stan, 134 m², Batva. Kompletno renoviran. Blizu škole i prodavnice. Zgrada ima lift.",437500
1784,Slatina,35,1,4,9,1977,1,0,0,struja,renoviran,"1-soban stan, 35 m², Slatina. Kompletno renoviran. Blizu škole i prodavnice.",130500
1785,Kreka,78,3,2,3,1972,0,1,1,centralno,useljiv,"3-soban stan, 78 m², Kreka. Prelijep pogled na grad. Blizu škole i prodavnice.",266500
1786,Slatina,85,4,1,3,1988,0,0,1,plin,renoviran,"4-soban stan, 85 m², Slatina. Kompletno renoviran. Blizu škole i prodavnice.",391000
1787,Stupine,30,2,5,5,1964,0,0,0,centralno,renoviran,"2-soban stan, 30 m², Stupine. Kompletno renoviran. Blizu škole i prodavnice.",99000
1788,Centar,33,2,1,5,1997,0,1,1,centralno,renoviran,"2-soban stan, 33 m², Centar. Kompletno renoviran.",211000
1789,Slatina,73,4,2,12,2024,1,0,1,centralno,novogradnja,"4-soban stan, 73 m², Slatina. Novogradnja, prvi vlasnik. Zgrada ima lift.",568000
1790,Solana,51,3,4,6,2024,1,0,1,centralno,novogradnja,"3-soban stan, 51 m², Solana. Novogradnja, prvi vlasnik. Zgrada ima lift.",289500
1791,Stupine,69,3,3,4,1961,0,0,1,centralno,za renoviranje,"3-soban stan, 69 m², Stupine. Potrebno renoviranje.",214000
1792,Sjenjak,89,4,2,11,2007,1,0,1,centralno,useljiv,"4-soban stan, 89 m², Sjenjak.",374000
1793,Solana,53,2,6,7,1975,1,1,0,plin,renoviran,"2-soban stan, 53 m², Solana. Kompletno renoviran.",199500
1794,Centar,41,2,4,6,2014,0,1,1,struja,useljiv,"2-soban stan, 41 m², Centar. Prelijep pogled na grad. Blizu škole i prodavnice.",242500
1795,Slatina,24,1,1,5,1962,0,0,1,centralno,renoviran,"1-soban stan, 24 m², Slatina. Kompletno renoviran.",137500
1796,Gornja Tuzla,64,3,2,4,1961,0,1,1,plin,za renoviranje,"3-soban stan, 64 m², Gornja Tuzla. Potrebno renoviranje. Blizu škole i prodavnice.",154500
1797,Centar,43,2,3,3,1988,0,1,1,plin,renoviran,"2-soban stan, 43 m², Centar. Kompletno renoviran. Blizu škole i prodavnice.",219000
1798,Kreka,67,3,7,10,1968,1,0,0,centralno,za renoviranje,"3-soban stan, 67 m², Kreka. Potrebno renoviranje. Blizu škole i prodavnice.",188000
1799,Gornja Tuzla,65,3,3,12,2010,1,0,1,centralno,za renoviranje,"3-soban stan, 65 m², Gornja Tuzla. Potrebno renoviranje. Zgrada ima lift.",184500
1800,Stupine,37,1,8,8,1972,1,0,0,plin,useljiv,"1-soban stan, 37 m², Stupine.",143000
1801,Brčanska Malta,110,5,1,10,2011,1,0,0,struja,useljiv,"5-soban stan, 110 m², Brčanska Malta.",409500
1802,Batva,88,4,9,12,2026,1,0,1,centralno,novogradnja,"4-soban stan, 88 m², Batva. Novogradnja, prvi vlasnik. Zgrada ima lift.",440000
1803,Kula,81,3,6,10,1981,1,0,1,centralno,za renoviranje,"3-soban stan, 81 m², Kula. Potrebno renoviranje. Prelijep pogled na grad. Blizu škole i prodavnice.",256500
1804,Slatina,40,2,5,8,1984,1,0,1,centralno,renoviran,"2-soban stan, 40 m², Slatina. Kompletno renoviran. Zgrada ima lift.",159000
1805,Mejdan,52,3,0,4,2026,1,1,1,centralno,novogradnja,"3-soban stan, 52 m², Mejdan. Novogradnja, prvi vlasnik. Blizu škole i prodavnice. Zgrada ima lift.",290000
1806,Stupine,50,2,3,4,1971,0,1,1,struja,renoviran,"2-soban stan, 50 m², Stupine. Kompletno renoviran. Prelijep pogled na grad.",202500
1807,Slatina,52,2,1,5,2026,1,0,1,struja,novogradnja,"2-soban stan, 52 m², Slatina. Novogradnja, prvi vlasnik. Blizu škole i prodavnice. Zgrada ima lift.",350500
1808,Stupine,40,1,3,5,2011,0,1,1,struja,useljiv,"1-soban stan, 40 m², Stupine.",250000
1809,Kreka,70,2,7,10,1961,1,0,1,centralno,useljiv,"2-soban stan, 70 m², Kreka. Zgrada ima lift.",207500
1810,Kreka,65,2,3,3,1977,0,0,0,centralno,renoviran,"2-soban stan, 65 m², Kreka. Kompletno renoviran. Prelijep pogled na grad.",198500
1811,Mejdan,68,4,6,11,2010,0,1,1,plin,renoviran,"4-soban stan, 68 m², Mejdan. Kompletno renoviran.",277500
1812,Kula,50,1,4,5,1969,0,0,1,centralno,renoviran,"1-soban stan, 50 m², Kula. Kompletno renoviran. Blizu škole i prodavnice.",148500
1813,Sjenjak,94,4,0,9,2014,1,0,1,centralno,useljiv,"4-soban stan, 94 m², Sjenjak.",384500
1814,Slatina,64,3,1,11,2024,1,1,1,centralno,novogradnja,"3-soban stan, 64 m², Slatina. Novogradnja, prvi vlasnik. Zgrada ima lift.",486000
1815,Slatina,24,1,12,12,2007,1,0,0,centralno,useljiv,"1-soban stan, 24 m², Slatina.",107500
1816,Solana,48,3,1,8,2022,1,1,0,centralno,renoviran,"3-soban stan, 48 m², Solana. Kompletno renoviran. Zgrada ima lift.",251500
1817,Slatina,59,3,1,9,1994,1,0,1,centralno,renoviran,"3-soban stan, 59 m², Slatina. Kompletno renoviran. Prelijep pogled na grad.",281500
1818,Batva,84,4,4,10,2018,1,1,1,plin,useljiv,"4-soban stan, 84 m², Batva. Blizu škole i prodavnice.",377000
1819,Solana,54,3,3,5,1981,0,0,0,centralno,useljiv,"3-soban stan, 54 m², Solana.",192500
1820,Slatina,55,3,9,9,1983,1,0,1,centralno,useljiv,"3-soban stan, 55 m², Slatina.",225500
1821,Gornja Tuzla,48,2,10,11,2010,1,1,1,centralno,renoviran,"2-soban stan, 48 m², Gornja Tuzla. Kompletno renoviran.",186000
1822,Centar,76,3,1,8,1984,1,0,0,plin,za renoviranje,"3-soban stan, 76 m², Centar. Potrebno renoviranje. Prelijep pogled na grad. Zgrada ima lift.",263000
1823,Simin Han,51,2,4,5,1978,0,0,1,centralno,renoviran,"2-soban stan, 51 m², Simin Han. Kompletno renoviran.",137000
1824,Gornja Tuzla,49,1,1,5,1976,0,1,1,struja,renoviran,"1-soban stan, 49 m², Gornja Tuzla. Kompletno renoviran. HITNO, cijena po dogovoru!",144000
1825,Gornja Tuzla,46,1,3,8,1984,1,0,0,struja,useljiv,"1-soban stan, 46 m², Gornja Tuzla. Zgrada ima lift.",124000
1826,Solana,73,4,6,6,1989,1,1,0,plin,useljiv,"4-soban stan, 73 m², Solana. Blizu škole i prodavnice.",301500
1827,Kula,50,2,6,8,2010,1,1,1,plin,useljiv,"2-soban stan, 50 m², Kula. Zgrada ima lift.",192500
1828,Solana,33,1,4,5,2021,1,1,1,centralno,za renoviranje,"1-soban stan, 33 m², Solana. Potrebno renoviranje.",163000
1829,Slatina,75,3,3,12,2014,1,1,1,plin,za renoviranje,"3-soban stan, 75 m², Slatina. Potrebno renoviranje.",382500
1830,Batva,47,2,4,7,2022,1,0,0,centralno,za renoviranje,"2-soban stan, 47 m², Batva. Potrebno renoviranje. Zgrada ima lift.",193500
1831,Stupine,68,3,4,4,1985,0,1,1,centralno,renoviran,"3-soban stan, 68 m², Stupine. Kompletno renoviran.",216000
1832,Centar,68,3,0,3,1985,0,0,1,plin,renoviran,"3-soban stan, 68 m², Centar. Kompletno renoviran.",284500
1833,Mejdan,91,3,4,8,2020,1,1,1,plin,renoviran,"3-soban stan, 91 m², Mejdan. Kompletno renoviran.",404000
1834,Kula,86,3,0,5,1975,0,0,0,centralno,za renoviranje,"3-soban stan, 86 m², Kula. Potrebno renoviranje. Prelijep pogled na grad.",220500
1835,Simin Han,49,2,6,8,2006,1,0,1,plin,renoviran,"2-soban stan, 49 m², Simin Han. Kompletno renoviran.",189500
1836,Centar,57,3,2,8,1995,1,0,1,struja,renoviran,"3-soban stan, 57 m², Centar. Kompletno renoviran. Zgrada ima lift.",313000
1837,Solana,38,3,7,9,2012,1,1,0,centralno,useljiv,"3-soban stan, 38 m², Solana. Blizu škole i prodavnice. Zgrada ima lift.",224500
1838,Stupine,108,5,2,11,2012,1,1,1,plin,renoviran,"5-soban stan, 108 m², Stupine. Kompletno renoviran.",605500
1839,Slatina,70,4,6,7,2006,0,0,1,centralno,useljiv,"4-soban stan, 70 m², Slatina.",291000
1840,Gornja Tuzla,98,4,5,5,1974,1,1,1,centralno,renoviran,"4-soban stan, 98 m², Gornja Tuzla. Kompletno renoviran. Zgrada ima lift.",288500
1841,Kreka,54,2,8,8,1965,1,0,1,struja,useljiv,"2-soban stan, 54 m², Kreka. Prelijep pogled na grad.",156000
1842,Simin Han,29,1,3,5,2020,1,1,1,plin,renoviran,"1-soban stan, 29 m², Simin Han. Kompletno renoviran. Prelijep pogled na grad. Zgrada ima lift.",184000
1843,Slatina,103,4,6,10,2021,1,1,0,centralno,useljiv,"4-soban stan, 103 m², Slatina. Blizu škole i prodavnice. Zgrada ima lift.",636500
1844,Sjenjak,62,2,2,4,1984,1,0,1,plin,useljiv,"2-soban stan, 62 m², Sjenjak. Blizu škole i prodavnice. Zgrada ima lift.",223000
1845,Gornja Tuzla,63,2,1,4,2009,0,1,0,plin,za renoviranje,"2-soban stan, 63 m², Gornja Tuzla. Potrebno renoviranje.",184000
1846,Slatina,61,3,2,3,1966,1,0,0,centralno,renoviran,"3-soban stan, 61 m², Slatina. Kompletno renoviran. Blizu škole i prodavnice. Zgrada ima lift.",247000
1847,Gornja Tuzla,75,3,4,5,1985,1,0,0,centralno,renoviran,"3-soban stan, 75 m², Gornja Tuzla. Kompletno renoviran. Blizu škole i prodavnice. Zgrada ima lift.",226500
1848,Simin Han,72,4,2,4,1998,0,0,0,plin,renoviran,"4-soban stan, 72 m², Simin Han. Kompletno renoviran.",274000
1849,Sjenjak,34,1,1,7,2008,1,0,0,centralno,za renoviranje,"1-soban stan, 34 m², Sjenjak. Potrebno renoviranje. Blizu škole i prodavnice.",140500
1850,Kreka,88,3,1,7,1979,1,0,1,plin,renoviran,"3-soban stan, 88 m², Kreka. Kompletno renoviran. Blizu škole i prodavnice. Zgrada ima lift.",277500
1851,Mejdan,50,2,3,6,1961,1,0,1,centralno,za renoviranje,"2-soban stan, 50 m², Mejdan. Potrebno renoviranje. Blizu škole i prodavnice.",161000
1852,Simin Han,51,2,9,12,2026,1,1,1,centralno,novogradnja,"2-soban stan, 51 m², Simin Han. Novogradnja, prvi vlasnik. Zgrada ima lift.",283500
1853,Brčanska Malta,110,5,4,10,2022,1,1,1,plin,za renoviranje,"5-soban stan, 110 m², Brčanska Malta. Potrebno renoviranje.",445000
1854,Slatina,83,4,6,8,1978,1,0,0,centralno,za renoviranje,"4-soban stan, 83 m², Slatina. Potrebno renoviranje.",291500
1855,Batva,53,2,3,5,2018,1,1,1,struja,renoviran,"2-soban stan, 53 m², Batva. Kompletno renoviran.",263000
1856,Brčanska Malta,31,1,4,4,2021,1,1,1,centralno,za renoviranje,"1-soban stan, 31 m², Brčanska Malta. Potrebno renoviranje.",143000
1857,Batva,63,3,2,6,1978,1,0,1,struja,useljiv,"3-soban stan, 63 m², Batva.",234500
1858,Centar,72,3,3,7,2021,1,0,0,plin,useljiv,"3-soban stan, 72 m², Centar. Zgrada ima lift.",477000
1859,Solana,58,2,1,8,1989,1,0,1,centralno,useljiv,"2-soban stan, 58 m², Solana. Blizu škole i prodavnice.",223000
1860,Solana,39,2,0,4,1986,0,0,1,plin,renoviran,"2-soban stan, 39 m², Solana. Kompletno renoviran. Blizu škole i prodavnice.",170000
1861,Centar,45,2,1,4,1973,1,1,1,centralno,renoviran,"2-soban stan, 45 m², Centar. Kompletno renoviran. Blizu škole i prodavnice.",247500
1862,Solana,39,2,3,3,1999,1,0,1,centralno,za renoviranje,"2-soban stan, 39 m², Solana. Potrebno renoviranje. Prelijep pogled na grad.",132500
1863,Batva,65,2,1,8,1992,1,1,1,centralno,renoviran,"2-soban stan, 65 m², Batva. Kompletno renoviran. HITNO, cijena po dogovoru!",303500
1864,Stupine,80,3,0,3,1989,0,0,1,centralno,useljiv,"3-soban stan, 80 m², Stupine.",293500
1865,Gornja Tuzla,86,3,6,7,1962,1,0,1,centralno,useljiv,"3-soban stan, 86 m², Gornja Tuzla. Blizu škole i prodavnice.",265000
1866,Mejdan,46,2,1,8,2014,1,1,1,struja,za renoviranje,"2-soban stan, 46 m², Mejdan. Potrebno renoviranje. Zgrada ima lift.",197500
1867,Kula,65,2,0,7,1977,1,0,0,plin,renoviran,"2-soban stan, 65 m², Kula. Kompletno renoviran. Prelijep pogled na grad. Zgrada ima lift.",199500
1868,Gornja Tuzla,73,3,5,7,1972,1,0,1,plin,useljiv,"3-soban stan, 73 m², Gornja Tuzla. Blizu škole i prodavnice.",195000
1869,Batva,50,2,4,6,2004,1,1,1,centralno,useljiv,"2-soban stan, 50 m², Batva. Blizu škole i prodavnice.",201500
1870,Centar,57,2,4,4,1979,0,0,1,centralno,useljiv,"2-soban stan, 57 m², Centar.",179000
1871,Gornja Tuzla,126,5,7,9,2026,1,1,1,centralno,novogradnja,"5-soban stan, 126 m², Gornja Tuzla. Novogradnja, prvi vlasnik. Zgrada ima lift.",519000
1872,Kula,64,2,9,9,2009,1,0,0,centralno,za renoviranje,"2-soban stan, 64 m², Kula. Potrebno renoviranje.",214500
1873,Kreka,82,4,5,5,2020,1,0,1,centralno,useljiv,"4-soban stan, 82 m², Kreka.",330000
1874,Slatina,52,2,2,4,1982,0,0,0,centralno,useljiv,"2-soban stan, 52 m², Slatina.",234500
1875,Simin Han,61,3,7,8,1986,1,0,1,centralno,useljiv,"3-soban stan, 61 m², Simin Han.",217500
1876,Kreka,33,2,2,7,1979,0,0,1,struja,renoviran,"2-soban stan, 33 m², Kreka. Kompletno renoviran.",109000
1877,Slatina,59,2,4,8,1975,1,0,1,centralno,useljiv,"2-soban stan, 59 m², Slatina.",235500
1878,Mejdan,91,4,0,8,1981,1,0,1,centralno,useljiv,"4-soban stan, 91 m², Mejdan. Prelijep pogled na grad. HITNO, cijena po dogovoru! Blizu škole i prodavnice.",283500
1879,Slatina,125,5,5,12,2020,1,0,0,centralno,renoviran,"5-soban stan, 125 m², Slatina. Kompletno renoviran. Zgrada ima lift.",688500
1880,Centar,91,4,2,3,1985,1,0,1,centralno,useljiv,"4-soban stan, 91 m², Centar. Zgrada ima lift.",361000
1881,Stupine,76,3,3,4,2019,1,0,0,centralno,useljiv,"3-soban stan, 76 m², Stupine. Zgrada ima lift.",472500
1882,Slatina,61,3,3,5,1964,0,0,1,plin,za renoviranje,"3-soban stan, 61 m², Slatina. Potrebno renoviranje.",196500
1883,Centar,49,2,0,8,1975,1,0,1,centralno,useljiv,"2-soban stan, 49 m², Centar.",198500
1884,Simin Han,57,3,0,7,1963,0,0,1,centralno,za renoviranje,"3-soban stan, 57 m², Simin Han. Potrebno renoviranje.",131500
1885,Mejdan,74,4,2,7,2024,1,0,1,struja,novogradnja,"4-soban stan, 74 m², Mejdan. Novogradnja, prvi vlasnik. Blizu škole i prodavnice.",396500
1886,Batva,46,1,6,8,1963,1,0,1,plin,useljiv,"1-soban stan, 46 m², Batva. Blizu škole i prodavnice. Zgrada ima lift.",158500
1887,Slatina,83,3,2,4,1993,1,0,1,struja,useljiv,"3-soban stan, 83 m², Slatina. Zgrada ima lift.",358000
1888,Mejdan,43,2,8,8,2004,1,1,1,plin,useljiv,"2-soban stan, 43 m², Mejdan.",188000
1889,Simin Han,32,1,4,4,1971,0,1,0,plin,useljiv,"1-soban stan, 32 m², Simin Han. Blizu škole i prodavnice.",81000
1890,Sjenjak,42,1,1,7,2023,1,1,1,plin,novogradnja,"1-soban stan, 42 m², Sjenjak. Novogradnja, prvi vlasnik. Zgrada ima lift.",233500
1891,Brčanska Malta,33,2,7,11,2024,1,1,0,centralno,novogradnja,"2-soban stan, 33 m², Brčanska Malta. Novogradnja, prvi vlasnik. Zgrada ima lift.",206000
1892,Mejdan,37,1,2,3,1971,0,1,1,struja,za renoviranje,"1-soban stan, 37 m², Mejdan. Potrebno renoviranje. Blizu škole i prodavnice.",115500
1893,Batva,89,4,4,6,1975,0,0,1,centralno,za renoviranje,"4-soban stan, 89 m², Batva. Potrebno renoviranje. Blizu škole i prodavnice.",204500
1894,Kreka,56,2,3,8,2009,1,0,1,centralno,renoviran,"2-soban stan, 56 m², Kreka. Kompletno renoviran. Blizu škole i prodavnice. Zgrada ima lift.",200000
1895,Slatina,65,2,4,8,1984,1,0,1,centralno,renoviran,"2-soban stan, 65 m², Slatina. Kompletno renoviran. Zgrada ima lift.",272000
1896,Sjenjak,90,4,6,9,1993,1,1,0,centralno,za renoviranje,"4-soban stan, 90 m², Sjenjak. Potrebno renoviranje. Blizu škole i prodavnice.",302500
1897,Kula,93,3,2,7,1993,1,0,1,plin,useljiv,"3-soban stan, 93 m², Kula.",317000
1898,Centar,50,2,1,10,2026,1,1,1,centralno,novogradnja,"2-soban stan, 50 m², Centar. Novogradnja, prvi vlasnik. Zgrada ima lift.",378500
1899,Solana,96,4,5,8,2019,1,1,1,centralno,useljiv,"4-soban stan, 96 m², Solana.",454000
1900,Sjenjak,69,3,5,5,1979,1,0,1,plin,useljiv,"3-soban stan, 69 m², Sjenjak. Blizu škole i prodavnice.",212500
1901,Stupine,60,3,3,10,2010,1,1,1,plin,renoviran,"3-soban stan, 60 m², Stupine. Kompletno renoviran. HITNO, cijena po dogovoru!",236000
1902,Simin Han,70,3,2,9,1988,1,0,0,struja,za renoviranje,"3-soban stan, 70 m², Simin Han. Potrebno renoviranje. Blizu škole i prodavnice. Zgrada ima lift.",179000
1903,Gornja Tuzla,36,3,0,7,2023,1,1,1,centralno,novogradnja,"3-soban stan, 36 m², Gornja Tuzla. Novogradnja, prvi vlasnik.",158500
1904,Brčanska Malta,46,2,2,3,1987,0,0,1,centralno,useljiv,"2-soban stan, 46 m², Brčanska Malta.",180500
1905,Kreka,58,2,0,6,1968,1,0,0,plin,renoviran,"2-soban stan, 58 m², Kreka. Kompletno renoviran.",169500
1906,Centar,74,3,1,5,2026,1,1,1,centralno,novogradnja,"3-soban stan, 74 m², Centar. Novogradnja, prvi vlasnik. Zgrada ima lift.",547500
1907,Batva,53,2,2,9,1979,1,0,1,centralno,useljiv,"2-soban stan, 53 m², Batva. Zgrada ima lift.",184000
1908,Simin Han,57,2,1,6,2014,1,1,1,struja,renoviran,"2-soban stan, 57 m², Simin Han. Kompletno renoviran. Zgrada ima lift.",251000
1909,Kreka,84,3,5,5,1991,0,0,1,centralno,useljiv,"3-soban stan, 84 m², Kreka. Blizu škole i prodavnice.",245000
1910,Brčanska Malta,98,4,10,10,2012,1,1,1,centralno,useljiv,"4-soban stan, 98 m², Brčanska Malta.",379000
1911,Brčanska Malta,78,4,3,5,2008,0,0,0,centralno,useljiv,"4-soban stan, 78 m², Brčanska Malta.",302000
1912,Mejdan,94,4,1,5,2025,1,1,1,plin,novogradnja,"4-soban stan, 94 m², Mejdan. Novogradnja, prvi vlasnik. HITNO, cijena po dogovoru! Blizu škole i prodavnice. Zgrada ima lift.",446500
1913,Batva,52,2,6,10,2015,1,1,1,plin,renoviran,"2-soban stan, 52 m², Batva. Kompletno renoviran. Zgrada ima lift.",300500
1914,Batva,54,2,11,11,2008,1,0,1,centralno,useljiv,"2-soban stan, 54 m², Batva. Blizu škole i prodavnice. Zgrada ima lift.",199500
1915,Kreka,67,3,2,3,1983,0,1,0,plin,useljiv,"3-soban stan, 67 m², Kreka.",200000
1916,Gornja Tuzla,54,3,8,9,1987,1,1,1,centralno,renoviran,"3-soban stan, 54 m², Gornja Tuzla. Kompletno renoviran. Zgrada ima lift.",214000
1917,Simin Han,50,2,3,4,1971,0,0,1,centralno,useljiv,"2-soban stan, 50 m², Simin Han. Blizu škole i prodavnice.",155500
1918,Kreka,107,5,2,4,1982,0,1,1,centralno,renoviran,"5-soban stan, 107 m², Kreka. Kompletno renoviran. Prelijep pogled na grad.",340500
1919,Centar,56,1,4,4,1988,0,1,0,centralno,useljiv,"1-soban stan, 56 m², Centar.",259500
1920,Simin Han,43,2,2,4,1985,1,0,1,centralno,renoviran,"2-soban stan, 43 m², Simin Han. Kompletno renoviran.",134000
1921,Sjenjak,71,4,7,10,1972,1,1,0,centralno,renoviran,"4-soban stan, 71 m², Sjenjak. Kompletno renoviran.",300500
1922,Simin Han,114,5,0,6,1972,1,1,1,centralno,renoviran,"5-soban stan, 114 m², Simin Han. Kompletno renoviran. Zgrada ima lift.",344000
1923,Slatina,62,3,2,4,1973,0,1,1,centralno,useljiv,"3-soban stan, 62 m², Slatina.",247500
1924,Sjenjak,92,3,7,9,1979,1,0,1,plin,useljiv,"3-soban stan, 92 m², Sjenjak. Zgrada ima lift.",352500
1925,Gornja Tuzla,51,2,5,7,1995,1,0,1,struja,renoviran,"2-soban stan, 51 m², Gornja Tuzla. Kompletno renoviran. Prelijep pogled na grad. Blizu škole i prodavnice.",191000
1926,Centar,51,2,4,6,1965,1,0,1,centralno,useljiv,"2-soban stan, 51 m², Centar.",230500
1927,Slatina,47,1,6,8,1975,1,0,0,centralno,renoviran,"1-soban stan, 47 m², Slatina. Kompletno renoviran. Zgrada ima lift.",216500
1928,Sjenjak,57,2,4,6,1972,1,0,1,centralno,za renoviranje,"2-soban stan, 57 m², Sjenjak. Potrebno renoviranje.",184000
1929,Kreka,114,5,0,7,2005,1,0,1,plin,renoviran,"5-soban stan, 114 m², Kreka. Kompletno renoviran. Zgrada ima lift.",287000
1930,Slatina,40,2,8,10,1979,1,0,1,struja,za renoviranje,"2-soban stan, 40 m², Slatina. Potrebno renoviranje.",131000
1931,Gornja Tuzla,106,5,4,8,1962,1,1,1,centralno,useljiv,"5-soban stan, 106 m², Gornja Tuzla. Zgrada ima lift.",281500
1932,Stupine,42,1,3,6,2019,1,1,1,centralno,renoviran,"1-soban stan, 42 m², Stupine. Kompletno renoviran.",243500
1933,Slatina,55,4,4,9,1983,0,1,1,plin,renoviran,"4-soban stan, 55 m², Slatina. Kompletno renoviran.",206000
1934,Batva,80,3,4,11,2020,1,1,0,plin,renoviran,"3-soban stan, 80 m², Batva. Kompletno renoviran. HITNO, cijena po dogovoru! Zgrada ima lift.",366000
1935,Brčanska Malta,75,3,1,6,1982,1,0,1,struja,useljiv,"3-soban stan, 75 m², Brčanska Malta. HITNO, cijena po dogovoru!",216500
1936,Kreka,66,2,6,8,1988,0,0,0,centralno,renoviran,"2-soban stan, 66 m², Kreka. Kompletno renoviran.",240500
1937,Kreka,34,2,7,8,1991,0,0,0,plin,za renoviranje,"2-soban stan, 34 m², Kreka. Potrebno renoviranje. Prelijep pogled na grad.",105000
1938,Stupine,68,3,3,7,1967,0,0,1,plin,za renoviranje,"3-soban stan, 68 m², Stupine. Potrebno renoviranje.",240000
1939,Simin Han,42,2,1,9,2024,1,1,1,centralno,novogradnja,"2-soban stan, 42 m², Simin Han. Novogradnja, prvi vlasnik. Zgrada ima lift.",244500
1940,Brčanska Malta,147,5,4,6,1974,0,1,0,plin,useljiv,"5-soban stan, 147 m², Brčanska Malta.",349500
1941,Mejdan,56,2,0,9,2024,1,1,1,centralno,novogradnja,"2-soban stan, 56 m², Mejdan. Novogradnja, prvi vlasnik. Zgrada ima lift.",334500
1942,Simin Han,64,3,1,11,2006,1,0,1,plin,useljiv,"3-soban stan, 64 m², Simin Han. Blizu škole i prodavnice.",211500
1943,Kreka,40,1,1,6,2019,1,1,1,centralno,useljiv,"1-soban stan, 40 m², Kreka. Blizu škole i prodavnice.",171500
1944,Sjenjak,51,3,2,9,1971,1,0,1,plin,useljiv,"3-soban stan, 51 m², Sjenjak. Zgrada ima lift.",192000
1945,Kreka,38,2,6,12,2025,1,1,1,plin,novogradnja,"2-soban stan, 38 m², Kreka. Novogradnja, prvi vlasnik. Prelijep pogled na grad. Zgrada ima lift.",218500
1946,Stupine,85,3,0,4,1996,0,1,1,centralno,useljiv,"3-soban stan, 85 m², Stupine.",384500
1947,Stupine,55,2,3,5,1988,0,0,1,centralno,renoviran,"2-soban stan, 55 m², Stupine. Kompletno renoviran. HITNO, cijena po dogovoru!",233500
1948,Simin Han,73,3,4,5,1971,0,0,1,struja,renoviran,"3-soban stan, 73 m², Simin Han. Kompletno renoviran. Blizu škole i prodavnice.",193000
1949,Slatina,47,3,6,6,1976,1,0,0,plin,useljiv,"3-soban stan, 47 m², Slatina. Zgrada ima lift.",170500
1950,Batva,50,2,8,8,2017,1,1,0,centralno,renoviran,"2-soban stan, 50 m², Batva. Kompletno renoviran. Zgrada ima lift.",238500
1951,Sjenjak,94,4,10,12,2024,1,0,1,centralno,novogradnja,"4-soban stan, 94 m², Sjenjak. Novogradnja, prvi vlasnik. Zgrada ima lift.",493000
1952,Stupine,43,2,9,9,1989,1,0,1,centralno,useljiv,"2-soban stan, 43 m², Stupine. Blizu škole i prodavnice. Zgrada ima lift.",176000
1953,Simin Han,32,1,9,11,2011,1,0,1,centralno,useljiv,"1-soban stan, 32 m², Simin Han. Prelijep pogled na grad. Blizu škole i prodavnice. Zgrada ima lift.",162500
1954,Simin Han,69,3,2,4,2012,0,1,0,plin,useljiv,"3-soban stan, 69 m², Simin Han. Blizu škole i prodavnice.",294000
1955,Stupine,40,2,0,3,1989,0,0,1,plin,renoviran,"2-soban stan, 40 m², Stupine. Kompletno renoviran. Blizu škole i prodavnice.",174000
1956,Stupine,51,2,5,6,1988,1,0,0,plin,za renoviranje,"2-soban stan, 51 m², Stupine. Potrebno renoviranje. Prelijep pogled na grad. Blizu škole i prodavnice. Zgrada ima lift.",193000
1957,Gornja Tuzla,83,4,0,4,1996,0,1,1,plin,za renoviranje,"4-soban stan, 83 m², Gornja Tuzla. Potrebno renoviranje.",221000
1958,Kreka,45,2,0,7,1982,1,0,0,struja,useljiv,"2-soban stan, 45 m², Kreka. Prelijep pogled na grad. Zgrada ima lift.",134500
1959,Kreka,82,4,6,12,2008,1,1,0,centralno,useljiv,"4-soban stan, 82 m², Kreka. Zgrada ima lift.",316000
1960,Sjenjak,47,2,3,10,1989,0,0,1,centralno,useljiv,"2-soban stan, 47 m², Sjenjak.",250000
1961,Mejdan,101,5,5,8,1982,1,0,0,struja,renoviran,"5-soban stan, 101 m², Mejdan. Kompletno renoviran.",327000
1962,Sjenjak,95,4,3,3,1972,0,0,0,plin,za renoviranje,"4-soban stan, 95 m², Sjenjak. Potrebno renoviranje.",252500
1963,Stupine,51,2,0,12,2026,1,1,0,plin,novogradnja,"2-soban stan, 51 m², Stupine. Novogradnja, prvi vlasnik.",313000
1964,Sjenjak,56,3,1,4,1969,0,0,0,centralno,renoviran,"3-soban stan, 56 m², Sjenjak. Kompletno renoviran.",237500
1965,Stupine,45,1,6,6,2004,0,0,1,centralno,useljiv,"1-soban stan, 45 m², Stupine.",164500
1966,Stupine,64,3,1,11,2010,1,0,1,centralno,useljiv,"3-soban stan, 64 m², Stupine.",285000
1967,Mejdan,90,3,1,5,1988,0,1,0,plin,za renoviranje,"3-soban stan, 90 m², Mejdan. Potrebno renoviranje. Prelijep pogled na grad. Blizu škole i prodavnice.",335500
1968,Centar,36,2,2,4,2026,1,1,1,centralno,novogradnja,"2-soban stan, 36 m², Centar. Novogradnja, prvi vlasnik.",308500
1969,Sjenjak,83,3,4,8,1968,1,0,1,plin,za renoviranje,"3-soban stan, 83 m², Sjenjak. Potrebno renoviranje. Blizu škole i prodavnice. Zgrada ima lift.",258500
1970,Kula,38,2,4,5,1979,0,1,0,centralno,useljiv,"2-soban stan, 38 m², Kula. HITNO, cijena po dogovoru!",103000
1971,Brčanska Malta,44,2,6,8,1982,1,0,0,centralno,useljiv,"2-soban stan, 44 m², Brčanska Malta. Zgrada ima lift.",142000
1972,Solana,32,1,11,11,2008,1,0,0,centralno,useljiv,"1-soban stan, 32 m², Solana. Blizu škole i prodavnice.",122000
1973,Kreka,125,5,1,3,1998,0,0,0,centralno,useljiv,"5-soban stan, 125 m², Kreka. Prelijep pogled na grad.",471000
1974,Brčanska Malta,61,3,0,11,2006,1,1,0,plin,useljiv,"3-soban stan, 61 m², Brčanska Malta. Blizu škole i prodavnice.",230000
1975,Kreka,65,3,5,5,2021,1,0,1,centralno,useljiv,"3-soban stan, 65 m², Kreka.",286000
1976,Sjenjak,47,2,2,3,1969,0,1,1,centralno,renoviran,"2-soban stan, 47 m², Sjenjak. Kompletno renoviran.",193000
1977,Simin Han,87,4,7,10,1999,1,0,1,centralno,useljiv,"4-soban stan, 87 m², Simin Han. Prelijep pogled na grad. Zgrada ima lift.",337000
1978,Slatina,29,2,9,10,1983,1,1,1,centralno,renoviran,"2-soban stan, 29 m², Slatina. Kompletno renoviran.",137500
1979,Batva,61,3,3,12,2011,0,0,0,centralno,renoviran,"3-soban stan, 61 m², Batva. Kompletno renoviran.",275500
1980,Solana,130,5,8,9,1993,1,0,0,plin,renoviran,"5-soban stan, 130 m², Solana. Kompletno renoviran. Zgrada ima lift.",477000
1981,Brčanska Malta,52,2,5,6,1989,1,0,1,centralno,za renoviranje,"2-soban stan, 52 m², Brčanska Malta. Potrebno renoviranje.",179000
1982,Sjenjak,60,3,7,7,1966,1,0,1,centralno,renoviran,"3-soban stan, 60 m², Sjenjak. Kompletno renoviran. Blizu škole i prodavnice. Zgrada ima lift.",214500
1983,Simin Han,76,4,3,7,1978,1,0,1,plin,za renoviranje,"4-soban stan, 76 m², Simin Han. Potrebno renoviranje. Blizu škole i prodavnice.",178000
1984,Slatina,45,2,3,5,1982,0,1,0,centralno,za renoviranje,"2-soban stan, 45 m², Slatina. Potrebno renoviranje.",166500
1985,Gornja Tuzla,60,2,4,6,1982,1,0,1,centralno,renoviran,"2-soban stan, 60 m², Gornja Tuzla. Kompletno renoviran. Prelijep pogled na grad.",205000
1986,Centar,84,4,8,9,1985,1,0,1,centralno,za renoviranje,"4-soban stan, 84 m², Centar. Potrebno renoviranje. Zgrada ima lift.",327000
1987,Stupine,64,3,6,8,2009,1,0,1,plin,useljiv,"3-soban stan, 64 m², Stupine.",301500
1988,Stupine,68,3,2,4,1982,0,0,1,plin,useljiv,"3-soban stan, 68 m², Stupine.",239500
1989,Stupine,53,2,4,5,2016,1,0,1,plin,renoviran,"2-soban stan, 53 m², Stupine. Kompletno renoviran.",335000
1990,Solana,67,2,4,6,1985,0,0,0,centralno,useljiv,"2-soban stan, 67 m², Solana.",186000
1991,Centar,61,3,4,5,1987,0,0,1,struja,useljiv,"3-soban stan, 61 m², Centar. Prelijep pogled na grad.",248000
1992,Slatina,100,4,2,4,1989,1,0,1,struja,useljiv,"4-soban stan, 100 m², Slatina.",394500
1993,Batva,77,3,3,5,2026,1,0,0,centralno,novogradnja,"3-soban stan, 77 m², Batva. Novogradnja, prvi vlasnik. Blizu škole i prodavnice. Zgrada ima lift.",401000
1994,Kula,55,2,3,6,1999,1,0,1,plin,useljiv,"2-soban stan, 55 m², Kula. Blizu škole i prodavnice.",209000
1995,Simin Han,25,1,2,4,2026,1,1,0,centralno,novogradnja,"1-soban stan, 25 m², Simin Han. Novogradnja, prvi vlasnik. Zgrada ima lift.",143000
1996,Mejdan,77,4,1,3,1969,0,0,0,plin,za renoviranje,"4-soban stan, 77 m², Mejdan. Potrebno renoviranje.",203500
1997,Stupine,78,3,3,6,2026,1,1,1,centralno,novogradnja,"3-soban stan, 78 m², Stupine. Novogradnja, prvi vlasnik.",585500
1998,Kreka,44,1,4,6,1977,0,1,1,plin,useljiv,"1-soban stan, 44 m², Kreka. Blizu škole i prodavnice.",129500
1999,Stupine,30,1,3,4,2024,1,1,0,plin,novogradnja,"1-soban stan, 30 m², Stupine. Novogradnja, prvi vlasnik. Zgrada ima lift.",235500
2000,Centar,40,1,1,6,1967,1,0,1,plin,renoviran,"1-soban stan, 40 m², Centar. Kompletno renoviran. Blizu škole i prodavnice.",207500
